name,phone,certificate,birth,address,received_at,status,route,note
조정자,010-9935-2424,한식조리기능사,1954-11-04,서울 서울남부시험장,2026-08-11 12:14:00,접수완료,가족보조,기능사
우복남,010-1106-3615,지게차운전기능사,1956-09-20,서울 서울남부시험장,2026-08-12 12:48:00,접수완료,가족보조,기능사
박두만,010-8527-9785,굴착기운전기능사,1958-06-04,대구 대구시험장,2026-08-14 14:36:00,접수완료,가족보조,기능사
권춘희,010-7227-5554,한식조리기능사,1963-04-23,대구 대구시험장,2026-08-15 12:42:00,접수완료,본인단독,기능사
손복남,010-4598-6313,전기기능사,1962-05-23,대구 대구시험장,2026-08-16 13:04:00,접수완료,본인단독,기능사
임복남,010-3287-5040,한식조리기능사,1955-04-19,충북 청주시험장,2026-08-19 15:57:00,접수완료,가족보조,기능사
강운순,010-1771-2796,한식조리기능사,1964-10-13,충남 천안시험장,2026-08-16 10:24:00,접수완료,본인단독,기능사
윤일남,010-9797-5371,전기기능사,1957-07-20,경북 포항시험장,2026-08-17 09:46:00,접수완료,복지관,기능사
전삼석,010-9317-4258,지게차운전기능사,1953-12-09,제주 제주시험장,2026-08-18 17:58:00,접수완료,대리접수,기능사
전경자,010-1949-4946,굴착기운전기능사,1963-01-20,충북 청주시험장,2026-08-17 10:48:00,접수완료,본인단독,기능사
서필호,010-6107-7537,한식조리기능사,1936-09-06,경기 고양시험장,2026-08-17 16:07:00,취소,본인단독,기능사
박영수,010-2160-9423,한식조리기능사,1965-10-18,세종 세종시험장,2026-08-05 20:59:00,접수완료,복지관,기능사
최정자,010-2612-1993,한식조리기능사,1936-07-07,인천 인천시험장,2026-08-07 17:28:00,접수완료,본인단독,기능사
김옥분,010-4872-3724,한식조리기능사,1937-04-28,대구 대구시험장,2026-08-02 11:24:00,접수완료,본인단독,기능사
최갑순,010-6138-1936,한식조리기능사,1937-05-14,경남 창원시험장,2026-08-17 11:03:00,접수완료,복지관,기능사
민동석,010-7868-9565,굴착기운전기능사,1962-10-03,세종 세종시험장,2026-08-11 12:16:00,접수완료,가족보조,기능사
하복남,010-3170-6718,지게차운전기능사,1947-08-11,대구 대구시험장,2026-08-15 22:34:00,접수완료,복지관,기능사
차정순,010-5462-5616,지게차운전기능사,1933-01-22,강원 춘천시험장,2026-08-09 17:31:00,접수완료,가족보조,기능사
차필호,010-8007-1158,한식조리기능사,1939-05-02,서울 서울2시험장,2026-08-12 18:35:00,접수완료,본인단독,기능사
차말순,010-3532-4878,한식조리기능사,1947-06-26,부산 부산남부시험장,2026-08-11 21:59:00,접수완료,가족보조,기능사
권상원,010-1387-4164,한식조리기능사,1960-07-28,부산 부산남부시험장,2026-08-09 14:41:00,접수완료,복지관,기능사
문갑순,010-6139-8149,지게차운전기능사,1932-06-01,인천 인천시험장,2026-08-19 12:16:00,접수완료,본인단독,기능사
윤갑순,010-5920-9308,한식조리기능사,1932-11-24,울산 울산시험장,2026-08-10 17:08:00,접수완료,본인단독,기능사
우말자,010-6279-8618,지게차운전기능사,1942-11-24,대전 대전시험장,2026-08-06 19:05:00,접수완료,가족보조,기능사
정봉숙,010-7790-4185,한식조리기능사,1951-11-10,세종 세종시험장,2026-08-05 19:44:00,결제대기,본인단독,기능사
남일남,010-9702-6198,굴착기운전기능사,1952-03-26,제주 제주시험장,2026-08-17 15:53:00,접수완료,복지관,기능사
유옥분,010-5681-4841,굴착기운전기능사,1936-08-09,세종 세종시험장,2026-08-05 12:24:00,접수완료,복지관,기능사
우필호,010-1320-7232,지게차운전기능사,1962-07-14,충북 청주시험장,2026-08-14 17:47:00,접수완료,복지관,기능사
남철수,010-9751-1441,전기기능사,1949-07-16,서울 서울2시험장,2026-08-15 11:03:00,접수완료,가족보조,기능사
이갑순,010-9837-1853,한식조리기능사,1937-06-11,전북 전주시험장,2026-08-02 21:01:00,접수완료,본인단독,기능사
양용기,010-2876-3683,굴착기운전기능사,1957-04-05,경남 창원시험장,2026-08-10 18:43:00,접수완료,가족보조,기능사
윤계순,010-1672-6688,굴착기운전기능사,1954-02-19,세종 세종시험장,2026-08-11 09:54:00,접수완료,가족보조,기능사
민계순,010-9817-8921,한식조리기능사,1943-11-27,경북 포항시험장,2026-08-08 22:59:00,결제대기,본인단독,기능사
안영자,010-5581-5526,굴착기운전기능사,1951-08-19,전북 전주시험장,2026-08-14 16:35:00,접수완료,본인단독,기능사
우순옥,010-8753-9698,지게차운전기능사,1935-08-26,서울 서울1시험장,2026-08-15 13:19:00,접수완료,가족보조,기능사
곽종수,010-5636-2647,한식조리기능사,1954-06-04,대전 대전시험장,2026-08-10 09:45:00,접수완료,복지관,기능사
유영수,010-4020-1841,한식조리기능사,1963-09-10,광주 광주시험장,2026-08-13 16:04:00,접수완료,복지관,기능사
권갑수,010-9561-7232,한식조리기능사,1930-05-03,세종 세종시험장,2026-08-14 13:36:00,접수완료,복지관,기능사
한영호,010-7693-8381,지게차운전기능사,1960-04-21,울산 울산시험장,2026-08-10 20:18:00,접수완료,복지관,기능사
임옥분,010-1977-3718,한식조리기능사,1952-05-26,울산 울산시험장,2026-08-15 10:29:00,접수완료,복지관,기능사
안영숙,010-2496-4750,지게차운전기능사,1949-09-18,경남 창원시험장,2026-08-09 18:02:00,접수완료,본인단독,기능사
조미자,010-6403-7744,지게차운전기능사,1938-05-06,전남 순천시험장,2026-08-18 09:29:00,접수완료,본인단독,기능사
곽순옥,010-9167-8242,한식조리기능사,1959-07-28,제주 제주시험장,2026-08-10 16:56:00,접수완료,복지관,기능사
윤봉숙,010-2924-3522,한식조리기능사,1928-04-23,대전 대전시험장,2026-08-09 15:53:00,접수완료,가족보조,기능사
고계순,010-9318-5377,한식조리기능사,1931-03-13,울산 울산시험장,2026-08-19 19:31:00,접수완료,본인단독,기능사
권운순,010-7730-1715,지게차운전기능사,1944-06-18,전북 전주시험장,2026-08-05 16:02:00,접수완료,본인단독,기능사
정금순,010-5342-6546,굴착기운전기능사,1938-02-17,경북 포항시험장,2026-08-18 15:20:00,접수완료,복지관,기능사
조봉숙,010-3725-5906,굴착기운전기능사,1964-10-03,세종 세종시험장,2026-08-10 14:23:00,접수완료,가족보조,기능사
황동호,010-3344-4804,한식조리기능사,1940-10-22,대전 대전시험장,2026-08-01 21:29:00,접수완료,가족보조,기능사
심만수,010-4886-7248,한식조리기능사,1944-10-10,전남 순천시험장,2026-08-10 09:53:00,결제대기,복지관,기능사
류운순,010-4770-6772,공인중개사,1966/07/09,부산 부산남부시험장,2026-08-15 11:40:00,CONFIRMED,본인단독,1차
우순옥,010-3153-2476,손해평가사,1965/02/21,강원 춘천시험장,2026-08-08 11:50:00,CONFIRMED,본인단독,1차
심근호,010-5835-6549,공인중개사,1962/09/12,대전 대전시험장,2026-08-18 15:54:00,CONFIRMED,가족보조,2차
성만수,010-8451-7038,손해평가사,1961/09/12,전북 전주시험장,2026-08-11 14:06:00,CONFIRMED,가족보조,1차
전삼석,010-7689-2911,손해평가사,1965/10/18,세종 세종시험장,2026-08-04 12:56:00,CONFIRMED,본인단독,1차
조금순,010-7686-5583,손해평가사,1943/11/24,전남 순천시험장,2026-08-04 19:23:00,CANCELLED,가족보조,2차
구영호,010-1828-6464,손해평가사,1949/04/04,경북 포항시험장,2026-08-07 18:13:00,CONFIRMED,본인단독,2차
오춘희,010-1422-3159,공인중개사,1928/01/09,광주 광주시험장,2026-08-09 09:08:00,CONFIRMED,가족보조,2차
민성호,010-9543-5941,공인중개사,1936/08/25,인천 인천시험장,2026-08-14 19:06:00,CONFIRMED,가족보조,1차
차필순,010-6327-7240,공인중개사,1961/06/20,광주 광주시험장,2026-08-14 10:50:00,CONFIRMED,본인단독,1차
홍만복,010-6120-5176,손해평가사,1938/04/14,경북 포항시험장,2026-08-03 22:05:00,CONFIRMED,본인단독,1차
허갑순,010-1842-5712,공인중개사,1943/03/18,충북 청주시험장,2026-08-05 19:30:00,CONFIRMED,본인단독,1차
민종수,010-1430-5381,손해평가사,1931/06/04,세종 세종시험장,2026-08-05 18:42:00,CONFIRMED,가족보조,2차
양광수,010-6314-2391,공인중개사,1965/02/24,전북 전주시험장,2026-08-03 13:28:00,CONFIRMED,가족보조,1차
우금순,010-9633-6053,손해평가사,1940/05/07,인천 인천시험장,2026-08-07 21:08:00,CONFIRMED,가족보조,2차
권인순,010-6802-2180,손해평가사,1959/01/16,대전 대전시험장,2026-08-11 18:27:00,CONFIRMED,가족보조,2차
양옥분,010-8155-2734,손해평가사,1959/07/01,대전 대전시험장,2026-08-11 12:21:00,CONFIRMED,본인단독,2차
임상원,010-2684-3399,공인중개사,1933/09/07,충남 천안시험장,2026-08-16 16:48:00,CONFIRMED,가족보조,2차
하옥분,010-6085-8565,손해평가사,1957/08/03,강원 춘천시험장,2026-08-03 18:38:00,CONFIRMED,가족보조,1차
조계순,010-6626-2381,공인중개사,1938/10/21,경남 창원시험장,2026-08-15 17:33:00,PENDING,본인단독,1차
고정자,01018576482,요양보호사,12-06-1948,대전센터,2026-08-19 11:21:00,active,가족보조,무학
배철수,01023886072,요양보호사,19-02-1941,대구센터,2026-08-18 14:01:00,active,복지관,무학
노선옥,01047113253,요양보호사,10-06-1961,대구센터,2026-08-12 15:09:00,active,본인단독,초등학교졸업
백순옥,01048918277,위생사,06-03-1959,대구센터,2026-08-15 16:29:00,active,가족보조,중학교졸업
백미자,01042713267,요양보호사,25-05-1960,청주센터,2026-08-14 16:57:00,active,가족보조,고등학교졸업
권봉숙,01067271436,위생사,05-09-1964,청주센터,2026-08-15 10:53:00,active,본인단독,대학교졸
유말자,01010862298,위생사,10-01-1958,전주센터,2026-08-08 15:40:00,active,복지관,무학
임명자,01080321025,요양보호사,18-10-1935,서울센터,2026-08-18 17:50:00,active,복지관,고등학교졸업
문근호,01021066649,요양보호사,21-01-1936,청주센터,2026-08-15 20:30:00,active,복지관,중학교졸업
서성호,01061706080,위생사,25-12-1962,전주센터,2026-08-11 13:07:00,active,가족보조,고등학교졸업
곽복순,01023537955,위생사,11-07-1938,대구센터,2026-08-14 11:44:00,active,가족보조,초등학교졸업
배순옥,01094063621,요양보호사,14-10-1944,대전센터,2026-08-02 18:09:00,active,복지관,대학원졸
배영자,01055665089,위생사,25-08-1943,부산센터,2026-08-15 12:39:00,active,가족보조,대학원졸
홍정자,01066922063,요양보호사,15-02-1958,대구센터,2026-08-08 10:12:00,pending,본인단독,고등학교졸업
장종수,01024122077,위생사,18-06-1965,수원센터,2026-08-15 19:33:00,active,가족보조,고등학교졸업
최만수,01094883507,위생사,19-11-1931,대구센터,2026-08-18 13:08:00,active,복지관,고등학교졸업
구영자,01016741464,요양보호사,21-09-1961,대구센터,2026-08-10 19:19:00,active,가족보조,초등학교졸업
심상길,01043426573,위생사,15-05-1941,부산센터,2026-08-04 13:28:00,active,본인단독,고등학교졸업
한영수,01061234110,요양보호사,28-07-1948,청주센터,2026-08-15 12:13:00,pending,복지관,전문대졸
조말순,01031945333,요양보호사,20-08-1948,전주센터,2026-08-13 17:28:00,active,복지관,전문대졸
차순옥,01033634261,위생사,04-03-1959,청주센터,2026-08-17 11:20:00,active,복지관,고등학교졸업
주명자,01087801272,요양보호사,11-10-1947,제주센터,2026-08-19 18:14:00,active,복지관,고등학교졸업
박원호,01028004125,요양보호사,21-09-1956,청주센터,2026-08-02 20:08:00,active,복지관,무학
고재호,01068045331,요양보호사,13-09-1936,수원센터,2026-08-11 16:22:00,active,복지관,고등학교졸업
임명자,01016895712,요양보호사,18-11-1930,청주센터,2026-08-09 11:06:00,active,복지관,대학원졸
심만수,01032521084,요양보호사,21-04-1933,광주센터,2026-08-03 19:36:00,active,본인단독,대학원졸
노용기,01057421613,위생사,27-07-1955,대구센터,2026-08-17 16:17:00,pending,본인단독,무학
류원호,01041643875,요양보호사,09-11-1937,대구센터,2026-08-11 12:00:00,active,가족보조,고등학교졸업
황순자,01029368625,요양보호사,10-06-1949,서울센터,2026-08-05 16:09:00,active,가족보조,고등학교졸업
구계순,01023419609,요양보호사,25-08-1931,제주센터,2026-08-06 14:54:00,active,복지관,고등학교졸업
안갑순,010-7276-9696,한식조리기능사,1954-07-13,울산 울산시험장,2026-08-19 16:12:00,접수완료,가족보조,기능사
오원호,010-6551-2359,지게차운전기능사,1956-07-24,울산 울산시험장,2026-08-11 16:20:00,접수완료,가족보조,기능사
성동석,010-8570-9497,굴착기운전기능사,1958-07-02,경기 고양시험장,2026-08-10 14:08:00,접수완료,가족보조,기능사
오순자,010-2798-1381,한식조리기능사,1963-04-23,대전 대전시험장,2026-08-16 10:59:00,접수완료,본인단독,기능사
장병수,010-7640-4289,전기기능사,1962-07-21,대구 대구시험장,2026-08-18 15:52:00,접수완료,본인단독,기능사
백만수,010-2580-2945,한식조리기능사,1955-03-12,경남 창원시험장,2026-08-12 15:09:00,접수완료,가족보조,기능사
양미자,010-2186-9212,한식조리기능사,1964-04-18,충북 청주시험장,2026-08-10 14:13:00,접수완료,본인단독,기능사
오성호,010-7111-7530,전기기능사,1957-07-13,충북 청주시험장,2026-08-13 13:06:00,접수완료,복지관,기능사
유갑수,010-2312-8173,지게차운전기능사,1953-12-24,충북 청주시험장,2026-08-14 14:50:00,접수완료,대리접수,기능사
민미자,010-5625-7208,굴착기운전기능사,1963-08-18,광주 광주시험장,2026-08-19 16:12:00,접수완료,본인단독,기능사
안정자,010-7827-4788,한식조리기능사,1954-06-01,충남 천안시험장,2026-08-17 17:12:00,접수완료,본인단독,기능사
민운순,010-5710-4281,굴착기운전기능사,1956-09-26,경북 포항시험장,2026-08-02 09:26:00,접수완료,가족보조,기능사
남영자,010-3104-3140,굴착기운전기능사,1929-10-10,울산 울산시험장,2026-08-06 14:16:00,접수완료,본인단독,기능사
곽영숙,010-2881-6402,전기기능사,1942-03-27,경남 창원시험장,2026-08-18 13:40:00,접수완료,본인단독,기능사
류미자,010-8193-1942,전기기능사,1956-03-19,부산 부산남부시험장,2026-08-06 13:17:00,접수완료,복지관,기능사
임점순,010-2417-1542,한식조리기능사,1954-09-06,충남 천안시험장,2026-08-08 18:38:00,접수완료,복지관,기능사
곽두만,010-1205-4786,한식조리기능사,1963-06-26,전남 순천시험장,2026-08-08 18:28:00,접수완료,복지관,기능사
전용기,010-3174-1184,굴착기운전기능사,1956-03-25,경북 포항시험장,2026-08-16 15:51:00,접수완료,본인단독,기능사
권재호,010-3469-1303,전기기능사,1928-11-11,충북 청주시험장,2026-08-08 11:33:00,접수완료,가족보조,기능사
오삼석,010-5922-2003,한식조리기능사,1950-03-27,인천 인천시험장,2026-08-14 11:00:00,접수완료,복지관,기능사
한상원,010-8940-4414,지게차운전기능사,1938-02-06,세종 세종시험장,2026-08-06 11:30:00,접수완료,복지관,기능사
배병수,010-2187-4958,한식조리기능사,1950-03-21,제주 제주시험장,2026-08-04 21:40:00,접수완료,본인단독,기능사
류태호,010-6972-2869,전기기능사,1946-04-02,강원 춘천시험장,2026-08-07 16:03:00,접수완료,본인단독,기능사
정영숙,010-1475-3882,한식조리기능사,1928-02-27,전북 전주시험장,2026-08-03 19:00:00,접수완료,가족보조,기능사
안영수,010-6650-2911,지게차운전기능사,1961-12-28,충남 천안시험장,2026-08-08 13:20:00,접수완료,복지관,기능사
안동석,010-7282-2998,한식조리기능사,1947-10-20,세종 세종시험장,2026-08-15 15:50:00,접수완료,가족보조,기능사
구동석,010-1325-1779,지게차운전기능사,1932-02-10,전북 전주시험장,2026-08-07 15:56:00,접수완료,복지관,기능사
류용기,010-7805-2715,한식조리기능사,1946-04-07,인천 인천시험장,2026-08-04 10:17:00,접수완료,복지관,기능사
류말자,010-8935-4563,한식조리기능사,1956-05-24,인천 인천시험장,2026-08-09 17:16:00,접수완료,복지관,기능사
정상원,010-8127-3368,전기기능사,1957-04-11,제주 제주시험장,2026-08-03 09:27:00,접수완료,본인단독,기능사
전미자,010-4112-2458,전기기능사,1961-01-07,대구 대구시험장,2026-08-11 17:02:00,접수완료,가족보조,기능사
권선옥,010-9570-7957,전기기능사,1944-04-12,광주 광주시험장,2026-08-17 22:51:00,취소,복지관,기능사
차명자,010-6946-3834,한식조리기능사,1928-10-12,광주 광주시험장,2026-08-10 09:42:00,접수완료,가족보조,기능사
손복순,010-2721-4338,한식조리기능사,1956-01-06,대구 대구시험장,2026-08-04 09:23:00,접수완료,가족보조,기능사
장명자,010-1443-9980,지게차운전기능사,1929-02-20,강원 춘천시험장,2026-08-17 17:08:00,접수완료,가족보조,기능사
전경자,010-9314-1620,전기기능사,1942-02-27,충남 천안시험장,2026-08-12 21:47:00,접수완료,복지관,기능사
김태호,010-1731-4607,한식조리기능사,1953-12-24,서울 서울2시험장,2026-08-05 22:58:00,접수완료,복지관,기능사
양운순,010-9163-3231,한식조리기능사,1928-01-25,부산 부산남부시험장,2026-08-02 21:21:00,접수완료,복지관,기능사
백갑순,010-5264-5969,지게차운전기능사,1954-11-14,경기 수원시험장,2026-08-01 20:16:00,접수완료,본인단독,기능사
안정호,010-3718-1099,굴착기운전기능사,1965-03-17,세종 세종시험장,2026-08-16 19:20:00,접수완료,복지관,기능사
신병수,010-2928-7500,한식조리기능사,1957-12-20,부산 부산남부시험장,2026-08-07 20:04:00,접수완료,본인단독,기능사
최동석,010-8712-7221,굴착기운전기능사,1951-07-06,세종 세종시험장,2026-08-01 11:41:00,접수완료,복지관,기능사
유봉숙,010-4002-8448,지게차운전기능사,1939-06-09,대전 대전시험장,2026-08-18 16:39:00,접수완료,가족보조,기능사
서철수,010-2994-9975,전기기능사,1937-04-04,충남 천안시험장,2026-08-07 11:14:00,접수완료,가족보조,기능사
김용기,010-8557-5331,한식조리기능사,1963-01-25,울산 울산시험장,2026-08-11 12:18:00,접수완료,본인단독,기능사
고미자,010-8714-6476,한식조리기능사,1929-01-27,울산 울산시험장,2026-08-01 16:01:00,접수완료,가족보조,기능사
송영수,010-5346-7391,한식조리기능사,1965-07-23,충남 천안시험장,2026-08-18 10:05:00,접수완료,복지관,기능사
장점순,010-5115-7497,한식조리기능사,1961-11-07,인천 인천시험장,2026-08-11 12:24:00,취소,가족보조,기능사
임순자,010-3242-5712,지게차운전기능사,1955-03-23,서울 서울남부시험장,2026-08-08 09:15:00,결제대기,가족보조,기능사
양정순,010-4812-4517,굴착기운전기능사,1928-02-26,대전 대전시험장,2026-08-07 16:14:00,접수완료,가족보조,기능사
송만복,010-1241-2158,지게차운전기능사,1945-08-26,울산 울산시험장,2026-08-03 10:05:00,접수완료,본인단독,기능사
남영자,010-2248-6807,굴착기운전기능사,1943-06-06,경북 포항시험장,2026-08-07 19:12:00,접수완료,본인단독,기능사
한금순,010-2952-3993,지게차운전기능사,1951-10-15,인천 인천시험장,2026-08-19 22:16:00,접수완료,본인단독,기능사
유철수,010-8613-9802,한식조리기능사,1933-09-01,경북 포항시험장,2026-08-04 11:04:00,결제대기,복지관,기능사
오일남,010-6918-1856,한식조리기능사,1951-09-05,제주 제주시험장,2026-08-12 11:09:00,접수완료,복지관,기능사
우춘희,010-8904-3050,한식조리기능사,1937-03-11,충남 천안시험장,2026-08-06 12:59:00,접수완료,복지관,기능사
송점순,010-2476-3277,굴착기운전기능사,1933-08-09,서울 서울2시험장,2026-08-18 14:12:00,접수완료,본인단독,기능사
노영호,010-2373-8454,굴착기운전기능사,1960-08-04,전남 순천시험장,2026-08-12 14:06:00,접수완료,복지관,기능사
박광수,010-4578-7271,지게차운전기능사,1959-03-24,세종 세종시험장,2026-08-02 11:13:00,접수완료,복지관,기능사
정영수,010-8998-3363,한식조리기능사,1955-09-14,광주 광주시험장,2026-08-08 17:18:00,접수완료,가족보조,기능사
심복남,010-7123-7218,굴착기운전기능사,1945-10-14,충북 청주시험장,2026-08-16 17:43:00,접수완료,복지관,기능사
권동석,010-5065-9729,전기기능사,1939-09-02,울산 울산시험장,2026-08-12 20:04:00,접수완료,복지관,기능사
양춘희,010-5039-8742,한식조리기능사,1954-07-18,전북 전주시험장,2026-08-06 09:04:00,접수완료,복지관,기능사
류삼석,010-7170-6382,지게차운전기능사,1946-09-27,강원 춘천시험장,2026-08-19 18:37:00,접수완료,복지관,기능사
심인순,010-2801-8402,한식조리기능사,1928-02-16,제주 제주시험장,2026-08-02 21:33:00,접수완료,본인단독,기능사
손봉숙,010-6087-2577,한식조리기능사,1952-05-24,광주 광주시험장,2026-08-08 19:51:00,접수완료,본인단독,기능사
권운순,010-2101-6652,한식조리기능사,1958-07-17,서울 서울2시험장,2026-08-04 21:02:00,취소,복지관,기능사
성옥분,010-8160-9544,전기기능사,1946-12-10,경기 수원시험장,2026-08-05 22:23:00,접수완료,복지관,기능사
문삼석,010-9884-5413,한식조리기능사,1934-05-27,전남 순천시험장,2026-08-06 18:02:00,접수완료,본인단독,기능사
유만수,010-1014-1779,한식조리기능사,1938-09-07,전북 전주시험장,2026-08-03 11:37:00,접수완료,본인단독,기능사
박두만,010-1052-6314,한식조리기능사,1930-06-19,울산 울산시험장,2026-08-12 12:34:00,접수완료,본인단독,기능사
구정자,010-1787-7524,한식조리기능사,1929-05-22,세종 세종시험장,2026-08-08 14:28:00,접수완료,복지관,기능사
구말자,010-9520-4604,한식조리기능사,1941-04-15,강원 춘천시험장,2026-08-07 18:46:00,접수완료,복지관,기능사
조명자,010-1820-5845,굴착기운전기능사,1950-08-17,강원 춘천시험장,2026-08-15 22:53:00,접수완료,본인단독,기능사
구선옥,010-1564-2754,한식조리기능사,1960-08-20,경북 포항시험장,2026-08-10 12:43:00,접수완료,가족보조,기능사
김정순,010-9726-9319,지게차운전기능사,1941-02-04,인천 인천시험장,2026-08-01 14:21:00,접수완료,가족보조,기능사
송재호,010-2416-7608,한식조리기능사,1933-06-21,강원 춘천시험장,2026-08-18 10:53:00,접수완료,가족보조,기능사
허태호,010-8909-5270,한식조리기능사,1939-08-12,대구 대구시험장,2026-08-05 16:54:00,접수완료,가족보조,기능사
우영호,010-1855-7968,굴착기운전기능사,1938-09-13,인천 인천시험장,2026-08-13 10:34:00,접수완료,복지관,기능사
정성호,010-7461-3864,전기기능사,1959-07-15,울산 울산시험장,2026-08-08 19:22:00,취소,복지관,기능사
김봉숙,010-8778-9953,굴착기운전기능사,1959-09-09,서울 서울1시험장,2026-08-09 21:10:00,접수완료,복지관,기능사
최성호,010-2882-9682,굴착기운전기능사,1937-07-07,충남 천안시험장,2026-08-02 11:23:00,접수완료,가족보조,기능사
송금순,010-9279-1229,한식조리기능사,1943-02-04,광주 광주시험장,2026-08-11 09:25:00,접수완료,복지관,기능사
조상원,010-6736-7582,지게차운전기능사,1941-07-07,인천 인천시험장,2026-08-08 18:25:00,접수완료,복지관,기능사
하영자,010-1128-6194,굴착기운전기능사,1940-01-17,제주 제주시험장,2026-08-07 16:13:00,접수완료,본인단독,기능사
임철수,010-1370-5657,전기기능사,1954-08-12,세종 세종시험장,2026-08-09 19:48:00,접수완료,본인단독,기능사
유동석,010-7151-4373,전기기능사,1961-08-28,울산 울산시험장,2026-08-06 14:20:00,접수완료,본인단독,기능사
정정순,010-2206-2078,전기기능사,1952-12-22,전남 순천시험장,2026-08-12 22:59:00,접수완료,본인단독,기능사
심귀순,010-4126-5944,한식조리기능사,1933-04-08,서울 서울1시험장,2026-08-02 21:06:00,접수완료,본인단독,기능사
전순옥,010-1693-8034,굴착기운전기능사,1930-12-19,충북 청주시험장,2026-08-06 21:19:00,접수완료,가족보조,기능사
문순옥,010-8690-4048,전기기능사,1954-07-21,경남 창원시험장,2026-08-08 15:07:00,접수완료,가족보조,기능사
유원호,010-5907-4482,전기기능사,1962-01-27,경기 수원시험장,2026-08-16 11:07:00,접수완료,본인단독,기능사
홍재호,010-3761-4561,전기기능사,1933-03-19,경기 고양시험장,2026-08-15 22:36:00,접수완료,복지관,기능사
백영호,010-9773-2894,한식조리기능사,1934-01-26,제주 제주시험장,2026-08-10 10:52:00,접수완료,본인단독,기능사
오필순,010-8914-8722,한식조리기능사,1935-04-27,세종 세종시험장,2026-08-12 17:13:00,접수완료,본인단독,기능사
성순옥,010-5913-1092,전기기능사,1954-02-01,제주 제주시험장,2026-08-12 12:35:00,접수완료,복지관,기능사
고일남,010-5182-4499,지게차운전기능사,1941-08-10,제주 제주시험장,2026-08-14 09:31:00,결제대기,가족보조,기능사
안순옥,010-7634-8156,굴착기운전기능사,1938-01-25,광주 광주시험장,2026-08-07 11:52:00,접수완료,복지관,기능사
최말순,010-7654-8168,지게차운전기능사,1933-12-05,경북 포항시험장,2026-08-19 11:17:00,접수완료,본인단독,기능사
문영수,010-8258-9524,한식조리기능사,1950-06-08,서울 서울남부시험장,2026-08-13 14:18:00,접수완료,본인단독,기능사
오만수,010-9167-3995,전기기능사,1952-01-09,충북 청주시험장,2026-08-06 19:59:00,접수완료,본인단독,기능사
우말순,010-8124-6969,한식조리기능사,1937-09-25,경기 고양시험장,2026-08-17 18:51:00,취소,본인단독,기능사
박복남,010-5075-2852,지게차운전기능사,1952-06-10,경남 창원시험장,2026-08-04 12:29:00,접수완료,가족보조,기능사
장복순,010-5960-6354,굴착기운전기능사,1964-09-07,경남 창원시험장,2026-08-05 19:31:00,접수완료,복지관,기능사
류두만,010-9584-9948,지게차운전기능사,1949-10-14,대구 대구시험장,2026-08-14 09:31:00,접수완료,복지관,기능사
구상길,010-2114-2035,굴착기운전기능사,1965-09-08,부산 부산시험장,2026-08-18 13:17:00,접수완료,가족보조,기능사
최점순,010-5658-7661,굴착기운전기능사,1945-07-18,경기 고양시험장,2026-08-18 18:08:00,취소,본인단독,기능사
장갑수,010-1162-3377,지게차운전기능사,1962-04-23,전남 순천시험장,2026-08-19 15:40:00,접수완료,가족보조,기능사
임정자,010-3972-1330,전기기능사,1933-11-20,울산 울산시험장,2026-08-04 19:14:00,접수완료,복지관,기능사
양필호,010-5871-3836,지게차운전기능사,1933-07-20,충남 천안시험장,2026-08-05 20:27:00,접수완료,복지관,기능사
최상원,010-2873-8530,지게차운전기능사,1953-07-26,인천 인천시험장,2026-08-04 22:11:00,접수완료,복지관,기능사
오복남,010-4780-1338,전기기능사,1966-02-03,충남 천안시험장,2026-08-15 16:57:00,접수완료,가족보조,기능사
박갑수,010-5878-3858,한식조리기능사,1954-11-15,대전 대전시험장,2026-08-03 13:33:00,접수완료,가족보조,기능사
김영호,010-2227-3617,지게차운전기능사,1931-04-10,인천 인천시험장,2026-08-03 13:39:00,접수완료,가족보조,기능사
우복남,010-3981-1847,한식조리기능사,1933-10-25,경북 포항시험장,2026-08-11 20:10:00,접수완료,가족보조,기능사
남갑수,010-3102-4684,전기기능사,1935-10-07,대구 대구시험장,2026-08-08 15:30:00,접수완료,복지관,기능사
손병수,010-7762-1226,한식조리기능사,1963-10-07,경기 고양시험장,2026-08-11 10:33:00,접수완료,본인단독,기능사
류명자,010-2099-7562,굴착기운전기능사,1940-02-19,충북 청주시험장,2026-08-19 14:04:00,접수완료,본인단독,기능사
노만복,010-1196-1290,굴착기운전기능사,1942-01-26,부산 부산남부시험장,2026-08-03 21:57:00,접수완료,가족보조,기능사
곽계순,010-3966-4314,한식조리기능사,1965-09-23,경기 수원시험장,2026-08-19 18:28:00,접수완료,가족보조,기능사
노필순,010-4830-7592,굴착기운전기능사,1966-12-16,울산 울산시험장,2026-08-09 12:56:00,접수완료,본인단독,기능사
홍광수,010-1343-8304,전기기능사,1945-07-13,강원 춘천시험장,2026-08-03 21:47:00,결제대기,가족보조,기능사
송경자,010-7043-2984,지게차운전기능사,1964-12-13,전남 순천시험장,2026-08-19 15:26:00,접수완료,가족보조,기능사
민운순,010-7674-3064,전기기능사,1949-06-05,제주 제주시험장,2026-08-18 21:34:00,결제대기,복지관,기능사
유운순,010-7916-4352,지게차운전기능사,1939-10-02,서울 서울1시험장,2026-08-17 10:52:00,취소,복지관,기능사
성동석,010-4063-5603,지게차운전기능사,1939-03-20,전북 전주시험장,2026-08-16 18:09:00,접수완료,복지관,기능사
남봉숙,010-8212-1837,지게차운전기능사,1959-04-17,제주 제주시험장,2026-08-06 16:37:00,접수완료,복지관,기능사
김영수,010-7430-3472,지게차운전기능사,1935-12-20,제주 제주시험장,2026-08-17 11:34:00,접수완료,가족보조,기능사
하정자,010-3564-8337,지게차운전기능사,1958-09-10,경기 성남시험장,2026-08-17 16:59:00,접수완료,본인단독,기능사
박운순,010-1557-4243,지게차운전기능사,1948-03-15,충북 청주시험장,2026-08-10 22:20:00,접수완료,본인단독,기능사
차인순,010-4431-6799,한식조리기능사,1934-09-11,대전 대전시험장,2026-08-13 18:18:00,접수완료,복지관,기능사
한귀순,010-1688-6139,전기기능사,1953-11-03,충남 천안시험장,2026-08-15 09:22:00,접수완료,복지관,기능사
구순자,010-1556-8185,전기기능사,1938-09-12,충북 청주시험장,2026-08-02 10:14:00,접수완료,복지관,기능사
백두만,010-5276-6653,한식조리기능사,1930-09-26,충남 천안시험장,2026-08-13 12:33:00,접수완료,가족보조,기능사
성만복,010-1494-4582,한식조리기능사,1937-07-12,부산 부산남부시험장,2026-08-08 15:24:00,접수완료,복지관,기능사
노영숙,010-3209-9609,전기기능사,1945-12-25,경기 성남시험장,2026-08-02 12:24:00,접수완료,가족보조,기능사
장상길,010-7022-5170,한식조리기능사,1930-05-28,광주 광주시험장,2026-08-14 19:32:00,결제대기,복지관,기능사
곽상길,010-2268-2767,한식조리기능사,1951-01-22,강원 춘천시험장,2026-08-19 10:33:00,접수완료,복지관,기능사
안만수,010-3541-5450,한식조리기능사,1940-01-12,부산 부산남부시험장,2026-08-03 10:28:00,접수완료,복지관,기능사
백삼석,010-8931-7078,지게차운전기능사,1938-11-06,충남 천안시험장,2026-08-14 11:31:00,접수완료,복지관,기능사
신기철,010-2880-4829,지게차운전기능사,1957-08-02,경기 수원시험장,2026-08-02 20:23:00,취소,본인단독,기능사
구선옥,010-7530-8178,굴착기운전기능사,1949-05-28,대전 대전시험장,2026-08-07 10:47:00,접수완료,가족보조,기능사
오복남,010-5331-7047,한식조리기능사,1946-09-23,충남 천안시험장,2026-08-10 17:54:00,접수완료,복지관,기능사
강복순,010-8631-4627,한식조리기능사,1943-08-23,세종 세종시험장,2026-08-07 15:16:00,접수완료,가족보조,기능사
민철수,010-7035-2124,전기기능사,1929-04-07,경남 창원시험장,2026-08-06 20:01:00,접수완료,복지관,기능사
유두만,010-4523-8232,전기기능사,1959-02-02,충남 천안시험장,2026-08-13 19:16:00,접수완료,복지관,기능사
허경자,010-9958-1062,지게차운전기능사,1955-08-01,전북 전주시험장,2026-08-07 12:50:00,접수완료,복지관,기능사
한말자,010-9461-9935,굴착기운전기능사,1950-03-26,경기 수원시험장,2026-08-02 17:57:00,접수완료,본인단독,기능사
권재호,010-3309-4677,전기기능사,1933-12-03,부산 부산시험장,2026-08-09 11:48:00,접수완료,가족보조,기능사
고계순,010-9317-5011,굴착기운전기능사,1946-04-27,울산 울산시험장,2026-08-10 12:56:00,접수완료,복지관,기능사
성갑순,010-3401-9990,한식조리기능사,1930-03-25,경북 포항시험장,2026-08-01 22:14:00,접수완료,복지관,기능사
문영숙,010-3495-9792,한식조리기능사,1955-10-03,경북 포항시험장,2026-08-19 11:21:00,접수완료,가족보조,기능사
장점순,010-7216-1210,지게차운전기능사,1966-10-26,광주 광주시험장,2026-08-11 09:56:00,접수완료,가족보조,기능사
배동호,010-2339-4150,굴착기운전기능사,1947-03-07,경남 창원시험장,2026-08-04 13:25:00,취소,본인단독,기능사
양일남,010-6758-2141,한식조리기능사,1963-02-16,인천 인천시험장,2026-08-19 12:21:00,접수완료,가족보조,기능사
성경자,010-8731-5584,굴착기운전기능사,1966-12-07,대전 대전시험장,2026-08-10 11:54:00,접수완료,본인단독,기능사
김점순,010-5171-6994,전기기능사,1963-11-15,대전 대전시험장,2026-08-16 19:29:00,접수완료,가족보조,기능사
윤순자,010-3242-5034,굴착기운전기능사,1941-11-03,대전 대전시험장,2026-08-08 10:00:00,접수완료,가족보조,기능사
양귀순,010-5711-8526,지게차운전기능사,1965-12-04,세종 세종시험장,2026-08-06 11:36:00,결제대기,본인단독,기능사
장정순,010-8482-4684,한식조리기능사,1941-09-12,세종 세종시험장,2026-08-01 11:53:00,접수완료,본인단독,기능사
조귀순,010-9216-9519,한식조리기능사,1934-11-15,광주 광주시험장,2026-08-07 12:18:00,취소,가족보조,기능사
고일남,010-7584-8679,지게차운전기능사,1951-09-22,강원 춘천시험장,2026-08-08 20:02:00,접수완료,가족보조,기능사
민삼석,010-3070-8915,한식조리기능사,1956-07-24,부산 부산시험장,2026-08-04 22:32:00,접수완료,본인단독,기능사
안말순,010-3224-5176,한식조리기능사,1934-07-08,경남 창원시험장,2026-08-06 13:22:00,접수완료,본인단독,기능사
구정호,010-7888-3565,한식조리기능사,1940-08-15,부산 부산남부시험장,2026-08-01 12:30:00,접수완료,가족보조,기능사
정만복,010-2583-9520,지게차운전기능사,1963-11-06,강원 춘천시험장,2026-08-11 15:28:00,접수완료,본인단독,기능사
양정자,010-6228-4982,한식조리기능사,1938-08-17,경기 성남시험장,2026-08-15 15:19:00,접수완료,본인단독,기능사
강태호,010-8397-2477,굴착기운전기능사,1929-05-13,경기 수원시험장,2026-08-05 12:25:00,접수완료,본인단독,기능사
양영호,010-3819-1764,전기기능사,1962-06-27,경남 창원시험장,2026-08-18 18:04:00,접수완료,가족보조,기능사
안영자,010-4839-9473,지게차운전기능사,1935-11-21,경북 포항시험장,2026-08-03 13:37:00,접수완료,본인단독,기능사
정말순,010-6777-9933,한식조리기능사,1944-08-08,제주 제주시험장,2026-08-14 19:10:00,접수완료,복지관,기능사
고영자,010-8475-7725,한식조리기능사,1948-03-09,세종 세종시험장,2026-08-13 12:41:00,접수완료,복지관,기능사
안선옥,010-9042-3927,지게차운전기능사,1956-02-27,전북 전주시험장,2026-08-15 11:03:00,접수완료,가족보조,기능사
안근호,010-2164-8086,지게차운전기능사,1948-10-21,광주 광주시험장,2026-08-15 16:40:00,취소,복지관,기능사
김순옥,010-4092-3263,지게차운전기능사,1950-08-04,경기 수원시험장,2026-08-05 11:04:00,접수완료,복지관,기능사
이만수,010-3068-7931,굴착기운전기능사,1959-05-11,대전 대전시험장,2026-08-11 10:23:00,접수완료,가족보조,기능사
김경자,010-3236-9286,한식조리기능사,1956-12-21,전북 전주시험장,2026-08-07 17:40:00,접수완료,가족보조,기능사
곽광수,010-6345-7608,지게차운전기능사,1931-11-17,경남 창원시험장,2026-08-18 14:25:00,접수완료,가족보조,기능사
양정호,010-8313-4710,지게차운전기능사,1948-03-24,경남 창원시험장,2026-08-03 13:42:00,접수완료,복지관,기능사
우원호,010-3771-3184,한식조리기능사,1955-09-22,전북 전주시험장,2026-08-02 12:17:00,접수완료,복지관,기능사
홍계순,010-4869-1362,지게차운전기능사,1947-11-10,인천 인천시험장,2026-08-07 15:34:00,접수완료,본인단독,기능사
민말순,010-3874-2302,전기기능사,1932-11-14,광주 광주시험장,2026-08-04 20:40:00,접수완료,가족보조,기능사
안필호,010-9682-7833,전기기능사,1943-10-24,광주 광주시험장,2026-08-12 18:51:00,접수완료,가족보조,기능사
이영자,010-7023-7315,지게차운전기능사,1945-09-28,울산 울산시험장,2026-08-19 13:22:00,취소,복지관,기능사
안영호,010-5469-3103,지게차운전기능사,1937-05-15,충북 청주시험장,2026-08-05 13:54:00,접수완료,가족보조,기능사
신명자,010-6808-9541,굴착기운전기능사,1953-07-04,경북 포항시험장,2026-08-02 16:52:00,접수완료,본인단독,기능사
주계순,010-7324-7121,한식조리기능사,1928-04-22,충북 청주시험장,2026-08-16 11:57:00,접수완료,가족보조,기능사
권용기,010-2469-3715,굴착기운전기능사,1945-12-06,대구 대구시험장,2026-08-11 11:09:00,결제대기,가족보조,기능사
최삼석,010-6115-4348,굴착기운전기능사,1931-12-07,충북 청주시험장,2026-08-14 15:11:00,접수완료,본인단독,기능사
허종수,010-5502-2456,전기기능사,1951-12-20,광주 광주시험장,2026-08-08 12:58:00,접수완료,복지관,기능사
한복남,010-2720-1573,한식조리기능사,1961-06-28,경북 포항시험장,2026-08-05 13:05:00,접수완료,복지관,기능사
윤순자,010-3666-8021,굴착기운전기능사,1932-02-20,서울 서울남부시험장,2026-08-15 17:47:00,접수완료,본인단독,기능사
구영숙,010-5155-2553,굴착기운전기능사,1954-05-11,울산 울산시험장,2026-08-18 13:08:00,접수완료,복지관,기능사
성종수,010-1392-9593,굴착기운전기능사,1931-10-07,충남 천안시험장,2026-08-16 13:34:00,취소,가족보조,기능사
신순옥,010-9532-4362,지게차운전기능사,1942-06-25,대구 대구시험장,2026-08-09 20:23:00,접수완료,복지관,기능사
주재호,010-5349-8276,한식조리기능사,1936-09-04,세종 세종시험장,2026-08-12 14:11:00,취소,본인단독,기능사
허순옥,010-8200-3787,지게차운전기능사,1955-03-16,경남 창원시험장,2026-08-08 15:05:00,접수완료,가족보조,기능사
차일남,010-9574-2859,한식조리기능사,1948-04-13,광주 광주시험장,2026-08-14 11:17:00,접수완료,본인단독,기능사
남정호,010-5072-7517,지게차운전기능사,1930-02-21,제주 제주시험장,2026-08-04 16:20:00,접수완료,본인단독,기능사
차선옥,010-5758-1495,굴착기운전기능사,1932-08-27,세종 세종시험장,2026-08-11 21:22:00,접수완료,가족보조,기능사
양영호,010-2855-4947,한식조리기능사,1944-05-05,대전 대전시험장,2026-08-18 18:39:00,접수완료,복지관,기능사
정광수,010-6946-7554,한식조리기능사,1933-02-21,경북 포항시험장,2026-08-09 11:20:00,접수완료,가족보조,기능사
서옥분,010-8916-9180,굴착기운전기능사,1945-04-20,부산 부산시험장,2026-08-15 13:15:00,접수완료,복지관,기능사
윤명자,010-6654-3120,한식조리기능사,1945-05-01,충남 천안시험장,2026-08-11 19:40:00,접수완료,복지관,기능사
남동호,010-6239-6534,한식조리기능사,1960-11-26,경기 수원시험장,2026-08-18 15:48:00,접수완료,본인단독,기능사
전옥분,010-5034-2437,굴착기운전기능사,1949-06-01,부산 부산시험장,2026-08-12 14:18:00,접수완료,가족보조,기능사
곽점순,010-2373-4823,굴착기운전기능사,1950-07-26,충북 청주시험장,2026-08-04 18:04:00,접수완료,복지관,기능사
류경자,010-6751-4149,지게차운전기능사,1965-03-22,제주 제주시험장,2026-08-16 11:27:00,접수완료,복지관,기능사
권명자,010-3376-9369,전기기능사,1954-03-11,광주 광주시험장,2026-08-02 22:51:00,접수완료,복지관,기능사
허정자,010-6365-8624,굴착기운전기능사,1940-01-06,경남 창원시험장,2026-08-05 19:04:00,접수완료,가족보조,기능사
정경자,010-3352-4582,굴착기운전기능사,1928-06-01,제주 제주시험장,2026-08-07 18:41:00,접수완료,복지관,기능사
오복남,010-4440-4398,지게차운전기능사,1943-08-23,경남 창원시험장,2026-08-04 21:04:00,접수완료,복지관,기능사
이동호,010-7863-5193,한식조리기능사,1930-03-09,전북 전주시험장,2026-08-07 12:39:00,접수완료,본인단독,기능사
전복순,010-9738-8616,한식조리기능사,1960-03-02,광주 광주시험장,2026-08-17 13:18:00,접수완료,복지관,기능사
이용기,010-4004-3462,한식조리기능사,1960-06-17,경기 성남시험장,2026-08-08 18:30:00,접수완료,가족보조,기능사
최정호,010-6174-2465,지게차운전기능사,1956-07-27,서울 서울2시험장,2026-08-11 11:00:00,접수완료,가족보조,기능사
조영숙,010-1522-1282,한식조리기능사,1940-04-14,울산 울산시험장,2026-08-14 18:19:00,접수완료,복지관,기능사
안미자,010-8818-4792,한식조리기능사,1954-03-25,서울 서울남부시험장,2026-08-11 14:24:00,접수완료,복지관,기능사
한영수,010-9691-8401,한식조리기능사,1940-03-10,충북 청주시험장,2026-08-08 21:34:00,접수완료,가족보조,기능사
유필호,010-4897-5309,전기기능사,1933-07-22,부산 부산남부시험장,2026-08-16 20:58:00,접수완료,복지관,기능사
곽두만,010-5657-3069,전기기능사,1952-05-08,제주 제주시험장,2026-08-04 13:42:00,접수완료,가족보조,기능사
강복남,010-4400-3151,지게차운전기능사,1963-04-01,전북 전주시험장,2026-08-18 11:43:00,접수완료,복지관,기능사
최영자,010-6479-9788,한식조리기능사,1944-09-20,서울 서울남부시험장,2026-08-16 09:37:00,접수완료,복지관,기능사
구재호,010-8944-5208,한식조리기능사,1953-05-19,강원 춘천시험장,2026-08-09 22:51:00,접수완료,가족보조,기능사
임만복,010-5707-8037,굴착기운전기능사,1938-11-22,대전 대전시험장,2026-08-06 11:53:00,접수완료,본인단독,기능사
신영자,010-4958-2313,굴착기운전기능사,1964-07-26,경기 고양시험장,2026-08-12 15:02:00,접수완료,복지관,기능사
전복순,010-1046-5978,굴착기운전기능사,1938-04-06,경북 포항시험장,2026-08-07 11:49:00,접수완료,본인단독,기능사
류영호,010-6982-9129,한식조리기능사,1938-02-08,대전 대전시험장,2026-08-02 21:10:00,접수완료,가족보조,기능사
고말자,010-9190-7714,지게차운전기능사,1944-04-28,부산 부산시험장,2026-08-15 14:55:00,접수완료,가족보조,기능사
이운순,010-5526-7410,지게차운전기능사,1934-10-26,전북 전주시험장,2026-08-09 14:46:00,접수완료,본인단독,기능사
한말순,010-1338-5209,지게차운전기능사,1966-07-08,광주 광주시험장,2026-08-15 10:34:00,결제대기,본인단독,기능사
최갑수,010-1190-6244,굴착기운전기능사,1931-07-20,대구 대구시험장,2026-08-16 21:14:00,접수완료,가족보조,기능사
손영숙,010-5723-9716,지게차운전기능사,1933-02-22,충남 천안시험장,2026-08-02 14:40:00,접수완료,본인단독,기능사
심두만,010-8968-8428,한식조리기능사,1957-08-27,광주 광주시험장,2026-08-07 19:02:00,접수완료,가족보조,기능사
장기철,010-2522-3883,한식조리기능사,1953-12-22,경남 창원시험장,2026-08-17 18:45:00,접수완료,가족보조,기능사
남일남,010-2467-5871,한식조리기능사,1957-03-15,경기 성남시험장,2026-08-01 16:17:00,결제대기,본인단독,기능사
박동호,010-6662-2144,한식조리기능사,1937-06-09,경남 창원시험장,2026-08-03 12:44:00,접수완료,가족보조,기능사
송삼석,010-5431-5422,굴착기운전기능사,1937-10-15,충남 천안시험장,2026-08-03 15:14:00,접수완료,본인단독,기능사
정말자,010-8235-5538,한식조리기능사,1934-07-05,세종 세종시험장,2026-08-03 18:17:00,접수완료,가족보조,기능사
하순옥,010-5567-7120,굴착기운전기능사,1962-05-19,인천 인천시험장,2026-08-15 12:27:00,접수완료,복지관,기능사
오선옥,010-3796-3969,한식조리기능사,1938-02-11,울산 울산시험장,2026-08-07 10:46:00,접수완료,복지관,기능사
이운순,010-4471-9622,한식조리기능사,1959-09-15,세종 세종시험장,2026-08-05 18:57:00,접수완료,본인단독,기능사
홍만수,010-3374-3968,굴착기운전기능사,1933-10-11,강원 춘천시험장,2026-08-09 16:09:00,접수완료,복지관,기능사
고상원,010-1611-2044,한식조리기능사,1928-06-11,경남 창원시험장,2026-08-03 18:09:00,접수완료,가족보조,기능사
유경자,010-9769-7707,전기기능사,1952-05-11,제주 제주시험장,2026-08-14 13:38:00,접수완료,가족보조,기능사
강필호,010-1017-8073,전기기능사,1946-05-17,전북 전주시험장,2026-08-18 10:24:00,접수완료,가족보조,기능사
오계순,010-2250-3283,굴착기운전기능사,1948-11-20,충북 청주시험장,2026-08-18 20:21:00,취소,가족보조,기능사
김성호,010-9790-2340,굴착기운전기능사,1939-02-08,전남 순천시험장,2026-08-17 18:04:00,접수완료,가족보조,기능사
홍동호,010-2044-9681,전기기능사,1965-10-13,서울 서울1시험장,2026-08-13 17:24:00,접수완료,가족보조,기능사
우복순,010-8197-4353,굴착기운전기능사,1936-07-27,광주 광주시험장,2026-08-10 10:29:00,접수완료,가족보조,기능사
류순자,010-6183-5512,전기기능사,1953-03-15,전북 전주시험장,2026-08-14 22:07:00,접수완료,복지관,기능사
김점순,010-7732-5216,굴착기운전기능사,1928-02-21,충남 천안시험장,2026-08-03 16:23:00,접수완료,본인단독,기능사
윤기철,010-4400-4804,굴착기운전기능사,1933-12-17,강원 춘천시험장,2026-08-04 21:34:00,접수완료,본인단독,기능사
고점순,010-5092-8450,굴착기운전기능사,1931-08-27,서울 서울2시험장,2026-08-02 21:50:00,취소,복지관,기능사
신필호,010-2925-5748,굴착기운전기능사,1944-10-11,충북 청주시험장,2026-08-09 10:23:00,접수완료,가족보조,기능사
곽복순,010-2219-2113,전기기능사,1945-09-07,경북 포항시험장,2026-08-13 16:30:00,접수완료,본인단독,기능사
유봉숙,010-4953-7042,전기기능사,1964-03-09,제주 제주시험장,2026-08-03 15:10:00,접수완료,가족보조,기능사
차미자,010-2500-1961,지게차운전기능사,1929-09-23,서울 서울2시험장,2026-08-03 17:58:00,접수완료,복지관,기능사
송만복,010-3296-8107,한식조리기능사,1961-10-12,세종 세종시험장,2026-08-18 22:30:00,접수완료,가족보조,기능사
권갑수,010-2285-4809,전기기능사,1962-01-15,광주 광주시험장,2026-08-10 19:31:00,접수완료,복지관,기능사
송재호,010-7989-1654,한식조리기능사,1955-06-10,부산 부산남부시험장,2026-08-15 13:04:00,접수완료,복지관,기능사
정순자,010-7062-2327,굴착기운전기능사,1941-08-04,강원 춘천시험장,2026-08-17 17:19:00,접수완료,복지관,기능사
성옥분,010-7964-8840,굴착기운전기능사,1950-11-03,충북 청주시험장,2026-08-10 15:23:00,접수완료,본인단독,기능사
전필호,010-1048-5648,굴착기운전기능사,1935-07-08,세종 세종시험장,2026-08-16 19:05:00,접수완료,가족보조,기능사
박영숙,010-4634-3805,한식조리기능사,1931-10-04,충남 천안시험장,2026-08-18 17:47:00,접수완료,본인단독,기능사
고순옥,010-7504-8975,지게차운전기능사,1941-09-25,울산 울산시험장,2026-08-17 15:38:00,접수완료,본인단독,기능사
차선옥,010-8100-9897,전기기능사,1944-08-19,경남 창원시험장,2026-08-18 21:47:00,접수완료,가족보조,기능사
임일남,010-7101-2754,지게차운전기능사,1939-05-06,대구 대구시험장,2026-08-09 13:42:00,취소,복지관,기능사
유정호,010-6600-8177,한식조리기능사,1964-04-03,제주 제주시험장,2026-08-16 10:27:00,접수완료,본인단독,기능사
백만복,010-7650-9988,굴착기운전기능사,1961-08-22,충북 청주시험장,2026-08-05 20:53:00,접수완료,복지관,기능사
고용기,010-7242-4944,한식조리기능사,1964-02-11,인천 인천시험장,2026-08-08 21:31:00,접수완료,가족보조,기능사
서경자,010-8734-2179,지게차운전기능사,1955-02-10,제주 제주시험장,2026-08-01 09:57:00,접수완료,복지관,기능사
차필호,010-8023-3245,전기기능사,1955-12-11,대구 대구시험장,2026-08-08 13:45:00,접수완료,본인단독,기능사
성두만,010-6516-4933,전기기능사,1953-02-26,세종 세종시험장,2026-08-08 18:18:00,접수완료,본인단독,기능사
김동석,010-4911-4933,굴착기운전기능사,1929-01-05,부산 부산시험장,2026-08-11 15:09:00,접수완료,본인단독,기능사
안만수,010-8023-3375,한식조리기능사,1941-01-20,광주 광주시험장,2026-08-09 16:44:00,접수완료,본인단독,기능사
조귀순,010-9236-2534,전기기능사,1938-10-16,경기 고양시험장,2026-08-14 18:00:00,접수완료,가족보조,기능사
권복순,010-2978-1123,한식조리기능사,1964-05-06,울산 울산시험장,2026-08-17 17:18:00,취소,복지관,기능사
우두만,010-9044-1632,굴착기운전기능사,1930-06-13,세종 세종시험장,2026-08-15 13:54:00,접수완료,복지관,기능사
서말순,010-4092-8411,전기기능사,1964-11-01,인천 인천시험장,2026-08-14 16:44:00,접수완료,본인단독,기능사
노귀순,010-9580-8194,굴착기운전기능사,1946-11-10,경남 창원시험장,2026-08-02 22:18:00,접수완료,복지관,기능사
권광수,010-1352-2429,한식조리기능사,1949-11-11,광주 광주시험장,2026-08-03 21:29:00,접수완료,본인단독,기능사
권철수,010-3014-8713,지게차운전기능사,1944-01-14,충남 천안시험장,2026-08-04 14:51:00,접수완료,가족보조,기능사
윤영호,010-1451-3059,한식조리기능사,1939-06-15,세종 세종시험장,2026-08-04 22:26:00,접수완료,본인단독,기능사
양정순,010-3789-9801,지게차운전기능사,1941-02-07,충북 청주시험장,2026-08-08 09:14:00,접수완료,본인단독,기능사
한영호,010-6917-7587,전기기능사,1940-09-03,전북 전주시험장,2026-08-04 14:00:00,접수완료,복지관,기능사
장순자,010-8643-9003,한식조리기능사,1951-04-21,경남 창원시험장,2026-08-03 11:06:00,접수완료,본인단독,기능사
정성호,010-8341-1911,지게차운전기능사,1943-10-02,세종 세종시험장,2026-08-01 19:08:00,접수완료,가족보조,기능사
전동호,010-5190-3550,전기기능사,1965-12-03,세종 세종시험장,2026-08-10 10:36:00,취소,복지관,기능사
고옥분,010-2523-4138,지게차운전기능사,1939-06-12,충남 천안시험장,2026-08-14 09:08:00,접수완료,본인단독,기능사
우복남,010-2456-2055,굴착기운전기능사,1948-06-13,경북 포항시험장,2026-08-01 12:53:00,접수완료,가족보조,기능사
구철수,010-1085-9808,지게차운전기능사,1944-12-04,인천 인천시험장,2026-08-09 18:15:00,접수완료,복지관,기능사
홍경자,010-2150-2167,한식조리기능사,1953-11-22,제주 제주시험장,2026-08-15 09:45:00,접수완료,가족보조,기능사
차삼석,010-9038-3385,지게차운전기능사,1965-04-13,경북 포항시험장,2026-08-06 22:12:00,접수완료,가족보조,기능사
하복남,010-9033-1683,굴착기운전기능사,1947-08-26,전남 순천시험장,2026-08-05 11:09:00,접수완료,복지관,기능사
양정순,010-4808-8255,굴착기운전기능사,1946-03-05,대전 대전시험장,2026-08-12 18:16:00,접수완료,본인단독,기능사
황복남,010-3350-4304,한식조리기능사,1944-10-11,부산 부산남부시험장,2026-08-07 16:32:00,접수완료,본인단독,기능사
고계순,010-7243-7607,한식조리기능사,1963-10-16,충남 천안시험장,2026-08-15 17:50:00,접수완료,본인단독,기능사
신두만,010-3801-6127,한식조리기능사,1947-05-26,인천 인천시험장,2026-08-16 15:39:00,접수완료,본인단독,기능사
유봉숙,010-8695-5921,한식조리기능사,1952-07-06,충남 천안시험장,2026-08-11 20:53:00,접수완료,본인단독,기능사
윤일남,010-6845-6901,전기기능사,1938-03-24,충북 청주시험장,2026-08-04 11:43:00,접수완료,가족보조,기능사
홍상길,010-2190-7109,한식조리기능사,1961-08-20,대전 대전시험장,2026-08-02 17:14:00,결제대기,가족보조,기능사
김영수,010-7402-8652,지게차운전기능사,1931-09-20,충남 천안시험장,2026-08-10 10:04:00,접수완료,복지관,기능사
노순옥,010-3949-5742,한식조리기능사,1947-09-17,부산 부산남부시험장,2026-08-06 21:06:00,취소,본인단독,기능사
곽복순,010-9919-7968,전기기능사,1957-04-15,부산 부산시험장,2026-08-07 11:05:00,취소,본인단독,기능사
차삼석,010-5968-5850,지게차운전기능사,1953-02-22,경기 성남시험장,2026-08-06 16:35:00,접수완료,복지관,기능사
신근호,010-8162-8847,굴착기운전기능사,1957-07-13,경기 고양시험장,2026-08-12 22:26:00,접수완료,가족보조,기능사
최필순,010-2859-8877,한식조리기능사,1929-02-14,강원 춘천시험장,2026-08-07 16:20:00,취소,복지관,기능사
박광수,010-3778-1511,지게차운전기능사,1958-09-28,경북 포항시험장,2026-08-06 10:37:00,접수완료,복지관,기능사
손정순,010-5691-6298,굴착기운전기능사,1951-04-16,세종 세종시험장,2026-08-08 10:43:00,접수완료,복지관,기능사
곽종수,010-7117-1133,지게차운전기능사,1961-03-22,울산 울산시험장,2026-08-10 20:29:00,접수완료,가족보조,기능사
신말자,010-1941-4494,지게차운전기능사,1937-04-18,경기 성남시험장,2026-08-19 15:35:00,결제대기,복지관,기능사
임원호,010-9152-7243,한식조리기능사,1958-08-16,울산 울산시험장,2026-08-13 17:23:00,접수완료,본인단독,기능사
박재호,010-7884-9857,한식조리기능사,1965-06-27,경기 수원시험장,2026-08-11 12:09:00,접수완료,복지관,기능사
민순자,010-1989-9987,전기기능사,1953-11-06,대구 대구시험장,2026-08-16 10:01:00,취소,복지관,기능사
허영숙,010-5190-5690,한식조리기능사,1928-01-23,광주 광주시험장,2026-08-04 13:07:00,접수완료,가족보조,기능사
권영호,010-4998-5546,한식조리기능사,1931-03-25,인천 인천시험장,2026-08-08 13:52:00,취소,가족보조,기능사
송인순,010-5806-5285,한식조리기능사,1946-10-15,충남 천안시험장,2026-08-08 20:56:00,접수완료,복지관,기능사
주복남,010-8260-6803,굴착기운전기능사,1955-10-21,인천 인천시험장,2026-08-14 19:47:00,접수완료,본인단독,기능사
이운순,010-8545-1301,한식조리기능사,1948-09-08,전남 순천시험장,2026-08-14 21:15:00,접수완료,가족보조,기능사
강영호,010-2614-3722,전기기능사,1931-06-10,대전 대전시험장,2026-08-03 19:53:00,접수완료,복지관,기능사
우말순,010-7927-3739,굴착기운전기능사,1943-01-27,전남 순천시험장,2026-08-17 18:13:00,접수완료,본인단독,기능사
정만수,010-4186-8840,굴착기운전기능사,1931-12-20,인천 인천시험장,2026-08-04 09:17:00,결제대기,본인단독,기능사
신정호,010-4953-5380,전기기능사,1938-10-18,인천 인천시험장,2026-08-18 12:54:00,접수완료,본인단독,기능사
신영숙,010-3140-2828,한식조리기능사,1958-09-14,경남 창원시험장,2026-08-15 10:55:00,접수완료,본인단독,기능사
안영호,010-3637-2938,한식조리기능사,1965-02-26,충북 청주시험장,2026-08-10 12:27:00,접수완료,본인단독,기능사
안만수,010-6743-5714,한식조리기능사,1935-10-28,대구 대구시험장,2026-08-14 15:13:00,결제대기,본인단독,기능사
손갑수,010-4176-1620,지게차운전기능사,1951-12-17,광주 광주시험장,2026-08-02 17:20:00,접수완료,복지관,기능사
전말순,010-4043-1979,지게차운전기능사,1946-01-17,서울 서울남부시험장,2026-08-12 12:35:00,접수완료,본인단독,기능사
곽정순,010-6034-4876,지게차운전기능사,1966-12-19,경기 성남시험장,2026-08-05 11:15:00,접수완료,복지관,기능사
구계순,010-7136-5934,굴착기운전기능사,1965-07-04,전남 순천시험장,2026-08-01 22:41:00,접수완료,복지관,기능사
한상원,010-9337-5488,지게차운전기능사,1954-02-27,전남 순천시험장,2026-08-19 17:56:00,접수완료,가족보조,기능사
서춘희,010-9508-8191,한식조리기능사,1945-10-01,부산 부산남부시험장,2026-08-05 17:24:00,접수완료,본인단독,기능사
노갑순,010-7787-1798,굴착기운전기능사,1937-11-07,서울 서울남부시험장,2026-08-04 15:58:00,접수완료,본인단독,기능사
허원호,010-6072-1660,굴착기운전기능사,1947-05-14,인천 인천시험장,2026-08-17 15:45:00,접수완료,복지관,기능사
최근호,010-4601-6406,지게차운전기능사,1951-03-28,충북 청주시험장,2026-08-18 20:11:00,접수완료,가족보조,기능사
오일남,010-6105-4793,전기기능사,1928-01-10,대전 대전시험장,2026-08-06 14:16:00,취소,본인단독,기능사
황영숙,010-6279-1515,지게차운전기능사,1929-08-03,울산 울산시험장,2026-08-14 17:17:00,결제대기,본인단독,기능사
양동호,010-3029-1477,지게차운전기능사,1958-06-19,경남 창원시험장,2026-08-08 15:44:00,접수완료,복지관,기능사
하영자,010-4303-7790,한식조리기능사,1928-03-11,경기 고양시험장,2026-08-14 18:51:00,접수완료,가족보조,기능사
조춘희,010-6627-9993,한식조리기능사,1962-08-24,대구 대구시험장,2026-08-14 17:41:00,접수완료,가족보조,기능사
차필호,010-4222-9970,전기기능사,1958-07-13,부산 부산남부시험장,2026-08-15 21:43:00,접수완료,가족보조,기능사
홍옥희,010-1920-6426,지게차운전기능사,1931-01-20,대전 대전시험장,2026-08-01 16:31:00,접수완료,복지관,기능사
류말자,010-2730-3221,한식조리기능사,1932-10-16,제주 제주시험장,2026-08-19 17:49:00,접수완료,복지관,기능사
남말순,010-4802-9391,굴착기운전기능사,1963-09-21,세종 세종시험장,2026-08-09 12:45:00,접수완료,가족보조,기능사
최선옥,010-1666-9311,한식조리기능사,1948-01-07,부산 부산남부시험장,2026-08-15 15:36:00,접수완료,본인단독,기능사
노정순,010-3446-7295,지게차운전기능사,1948-09-03,서울 서울2시험장,2026-08-09 17:16:00,취소,가족보조,기능사
백철수,010-9854-7324,굴착기운전기능사,1950-08-11,강원 춘천시험장,2026-08-10 22:46:00,접수완료,가족보조,기능사
강복남,010-4303-9001,한식조리기능사,1949-03-11,울산 울산시험장,2026-08-07 12:42:00,접수완료,가족보조,기능사
임영호,010-3708-9777,지게차운전기능사,1954-12-16,대전 대전시험장,2026-08-13 19:27:00,접수완료,복지관,기능사
허경자,010-7450-8079,지게차운전기능사,1966-01-22,대구 대구시험장,2026-08-18 18:18:00,접수완료,본인단독,기능사
이영자,010-6902-3094,한식조리기능사,1930-04-08,광주 광주시험장,2026-08-15 12:48:00,접수완료,가족보조,기능사
한종수,010-4900-1925,굴착기운전기능사,1930-07-05,전남 순천시험장,2026-08-05 19:17:00,접수완료,복지관,기능사
정귀순,010-9163-6648,한식조리기능사,1931-06-18,대전 대전시험장,2026-08-13 14:35:00,접수완료,가족보조,기능사
정병수,010-1331-9633,굴착기운전기능사,1960-05-04,경남 창원시험장,2026-08-08 17:04:00,취소,복지관,기능사
박말순,010-1196-7123,지게차운전기능사,1959-10-24,제주 제주시험장,2026-08-07 16:45:00,접수완료,복지관,기능사
이용기,010-8279-8269,전기기능사,1951-10-26,강원 춘천시험장,2026-08-04 15:20:00,접수완료,복지관,기능사
권정순,010-6057-9037,한식조리기능사,1943-06-03,경기 수원시험장,2026-08-18 17:58:00,취소,가족보조,기능사
허갑순,010-4498-7501,지게차운전기능사,1952-07-25,경북 포항시험장,2026-08-07 18:08:00,접수완료,복지관,기능사
정두만,010-1575-6311,지게차운전기능사,1956-11-27,광주 광주시험장,2026-08-19 13:10:00,접수완료,본인단독,기능사
고두만,010-3927-3128,지게차운전기능사,1942-11-01,광주 광주시험장,2026-08-06 15:30:00,접수완료,가족보조,기능사
신동호,010-9362-2225,한식조리기능사,1962-03-08,세종 세종시험장,2026-08-03 09:48:00,접수완료,가족보조,기능사
권영숙,010-4354-3964,지게차운전기능사,1935-05-03,대구 대구시험장,2026-08-12 15:08:00,접수완료,본인단독,기능사
황상원,010-5830-8834,지게차운전기능사,1960-02-12,세종 세종시험장,2026-08-17 22:30:00,접수완료,가족보조,기능사
양상원,010-8599-6720,전기기능사,1946-07-01,경기 고양시험장,2026-08-03 16:21:00,접수완료,가족보조,기능사
윤필순,010-8004-9450,지게차운전기능사,1964-11-27,전북 전주시험장,2026-08-16 20:19:00,접수완료,본인단독,기능사
구병수,010-6870-9054,지게차운전기능사,1955-06-02,전북 전주시험장,2026-08-07 17:40:00,접수완료,복지관,기능사
임명자,010-3041-8529,지게차운전기능사,1942-01-06,제주 제주시험장,2026-08-03 21:29:00,접수완료,복지관,기능사
하옥희,010-1267-1232,한식조리기능사,1944-09-16,경기 성남시험장,2026-08-10 14:27:00,접수완료,가족보조,기능사
류태호,010-4655-7103,지게차운전기능사,1965-08-18,세종 세종시험장,2026-08-18 22:53:00,접수완료,가족보조,기능사
정동석,010-2134-2772,전기기능사,1929-10-13,광주 광주시험장,2026-08-17 09:40:00,결제대기,가족보조,기능사
오상길,010-3896-5626,지게차운전기능사,1950-10-14,전북 전주시험장,2026-08-04 21:31:00,접수완료,본인단독,기능사
남영호,010-4623-9188,굴착기운전기능사,1940-10-28,충북 청주시험장,2026-08-17 21:15:00,접수완료,가족보조,기능사
성말순,010-8858-3917,전기기능사,1933-05-15,전북 전주시험장,2026-08-09 18:02:00,접수완료,복지관,기능사
노말자,010-9944-2732,굴착기운전기능사,1954-12-07,서울 서울1시험장,2026-08-12 11:00:00,접수완료,가족보조,기능사
박병수,010-7973-1443,한식조리기능사,1960-12-18,부산 부산시험장,2026-08-07 22:18:00,접수완료,본인단독,기능사
강명자,010-3730-5751,한식조리기능사,1950-04-22,전남 순천시험장,2026-08-09 18:44:00,접수완료,복지관,기능사
임영수,010-7559-3533,전기기능사,1937-09-21,인천 인천시험장,2026-08-16 22:49:00,접수완료,복지관,기능사
전점순,010-7310-6228,한식조리기능사,1945-01-20,강원 춘천시험장,2026-08-18 18:31:00,접수완료,복지관,기능사
윤동호,010-3600-1677,전기기능사,1962-06-18,부산 부산시험장,2026-08-07 17:39:00,접수완료,복지관,기능사
백용기,010-4371-8223,굴착기운전기능사,1937-02-02,충남 천안시험장,2026-08-16 18:25:00,접수완료,복지관,기능사
남경자,010-1012-3090,한식조리기능사,1950-06-25,경기 성남시험장,2026-08-01 10:23:00,접수완료,가족보조,기능사
성상길,010-2624-7283,전기기능사,1934-01-09,전남 순천시험장,2026-08-08 17:01:00,접수완료,본인단독,기능사
임성호,010-3796-5378,굴착기운전기능사,1936-06-11,제주 제주시험장,2026-08-11 09:40:00,접수완료,복지관,기능사
문철수,010-8887-2757,한식조리기능사,1937-09-23,충북 청주시험장,2026-08-07 15:19:00,접수완료,복지관,기능사
한재호,010-6341-1185,전기기능사,1950-01-16,강원 춘천시험장,2026-08-03 11:20:00,접수완료,가족보조,기능사
민용기,010-1081-4353,굴착기운전기능사,1961-03-17,경기 수원시험장,2026-08-01 09:22:00,결제대기,본인단독,기능사
이근호,010-9967-5161,전기기능사,1963-05-24,전남 순천시험장,2026-08-07 14:00:00,취소,가족보조,기능사
노말순,010-9890-6004,한식조리기능사,1937-03-05,전남 순천시험장,2026-08-07 13:13:00,접수완료,가족보조,기능사
전필호,010-3480-2958,굴착기운전기능사,1945-03-05,세종 세종시험장,2026-08-03 20:20:00,접수완료,복지관,기능사
심말자,010-6689-2608,지게차운전기능사,1958-12-16,경북 포항시험장,2026-08-13 12:28:00,접수완료,본인단독,기능사
김일남,010-5550-6345,한식조리기능사,1946-03-04,광주 광주시험장,2026-08-17 20:47:00,접수완료,본인단독,기능사
조금순,010-4011-9339,전기기능사,1942-03-23,세종 세종시험장,2026-08-13 18:23:00,취소,가족보조,기능사
양광수,010-6930-5691,굴착기운전기능사,1930-11-04,서울 서울남부시험장,2026-08-02 13:32:00,접수완료,가족보조,기능사
하춘자,010-2899-7602,굴착기운전기능사,1948-03-26,인천 인천시험장,2026-08-17 19:02:00,접수완료,본인단독,기능사
우선옥,010-6170-1608,한식조리기능사,1934-02-16,부산 부산남부시험장,2026-08-10 20:44:00,접수완료,가족보조,기능사
강철수,010-8074-8826,전기기능사,1941-05-07,부산 부산시험장,2026-08-13 22:47:00,접수완료,본인단독,기능사
곽계순,010-5231-1145,한식조리기능사,1948-12-09,전북 전주시험장,2026-08-05 20:53:00,접수완료,복지관,기능사
신상원,010-4931-6505,전기기능사,1951-05-21,대전 대전시험장,2026-08-02 13:35:00,접수완료,복지관,기능사
최용기,010-1155-5509,한식조리기능사,1947-01-01,경기 성남시험장,2026-08-02 21:38:00,접수완료,가족보조,기능사
고복남,010-9856-4321,전기기능사,1931-04-22,대전 대전시험장,2026-08-13 21:36:00,접수완료,복지관,기능사
권병수,010-4754-9882,한식조리기능사,1931-10-06,경기 수원시험장,2026-08-15 15:08:00,접수완료,복지관,기능사
서철수,010-8106-1976,한식조리기능사,1954-12-20,경남 창원시험장,2026-08-14 10:11:00,접수완료,복지관,기능사
민영호,010-2969-5452,전기기능사,1960-04-18,제주 제주시험장,2026-08-08 17:52:00,접수완료,복지관,기능사
서옥희,010-1306-7092,한식조리기능사,1965-07-27,제주 제주시험장,2026-08-03 10:12:00,취소,복지관,기능사
허봉숙,010-2755-2091,한식조리기능사,1939-03-11,전남 순천시험장,2026-08-11 12:00:00,취소,가족보조,기능사
민순옥,010-1149-2899,한식조리기능사,1941-09-02,충북 청주시험장,2026-08-02 17:49:00,접수완료,복지관,기능사
차선옥,010-1191-2702,전기기능사,1931-10-27,강원 춘천시험장,2026-08-13 12:30:00,접수완료,가족보조,기능사
민계순,010-6363-2007,전기기능사,1928-01-27,경기 고양시험장,2026-08-02 18:37:00,접수완료,가족보조,기능사
차영호,010-7314-6077,지게차운전기능사,1938-09-11,광주 광주시험장,2026-08-14 11:44:00,취소,복지관,기능사
최필순,010-4050-1078,굴착기운전기능사,1966-04-27,서울 서울1시험장,2026-08-02 22:33:00,접수완료,가족보조,기능사
주갑수,010-2941-3790,굴착기운전기능사,1933-09-11,세종 세종시험장,2026-08-11 18:34:00,취소,가족보조,기능사
오갑순,010-4985-5541,한식조리기능사,1963-05-27,충남 천안시험장,2026-08-09 10:54:00,접수완료,복지관,기능사
류병수,010-1764-5564,굴착기운전기능사,1934-03-23,전남 순천시험장,2026-08-19 22:21:00,접수완료,본인단독,기능사
유복순,010-8019-3634,굴착기운전기능사,1947-12-04,전남 순천시험장,2026-08-17 22:16:00,접수완료,복지관,기능사
송복순,010-1907-3880,한식조리기능사,1946-09-25,전남 순천시험장,2026-08-05 11:34:00,접수완료,가족보조,기능사
권일남,010-7543-6927,지게차운전기능사,1932-04-26,서울 서울1시험장,2026-08-01 09:48:00,접수완료,복지관,기능사
하두만,010-3318-3320,전기기능사,1941-12-17,경남 창원시험장,2026-08-19 19:14:00,접수완료,본인단독,기능사
안갑수,010-3952-7036,지게차운전기능사,1954-03-24,강원 춘천시험장,2026-08-19 16:19:00,취소,가족보조,기능사
손선옥,010-8767-3043,지게차운전기능사,1960-08-02,울산 울산시험장,2026-08-07 22:31:00,취소,복지관,기능사
권미자,010-7216-3677,지게차운전기능사,1937-03-27,경기 성남시험장,2026-08-02 18:07:00,결제대기,본인단독,기능사
황금순,010-4127-7231,전기기능사,1945-11-20,강원 춘천시험장,2026-08-04 21:40:00,접수완료,가족보조,기능사
이정호,010-6839-5584,전기기능사,1947-05-05,충북 청주시험장,2026-08-06 11:32:00,접수완료,가족보조,기능사
허정순,010-3655-8486,굴착기운전기능사,1959-11-24,인천 인천시험장,2026-08-18 14:28:00,접수완료,가족보조,기능사
문정자,010-8967-3968,지게차운전기능사,1935-08-21,경북 포항시험장,2026-08-07 13:33:00,접수완료,복지관,기능사
심영수,010-5121-2060,굴착기운전기능사,1952-02-17,부산 부산남부시험장,2026-08-09 16:35:00,접수완료,본인단독,기능사
전옥분,010-8088-7231,한식조리기능사,1960-09-12,충남 천안시험장,2026-08-17 18:43:00,접수완료,본인단독,기능사
주봉숙,010-8889-2911,전기기능사,1954-07-13,서울 서울남부시험장,2026-08-02 09:37:00,접수완료,복지관,기능사
장봉숙,010-2721-5703,한식조리기능사,1952-10-15,울산 울산시험장,2026-08-01 15:24:00,접수완료,가족보조,기능사
홍순자,010-3874-9489,한식조리기능사,1930-11-17,광주 광주시험장,2026-08-09 12:16:00,접수완료,본인단독,기능사
김복남,010-9274-6683,굴착기운전기능사,1950-11-19,강원 춘천시험장,2026-08-18 20:44:00,취소,가족보조,기능사
윤상길,010-6341-5695,굴착기운전기능사,1962-06-04,전남 순천시험장,2026-08-15 10:09:00,접수완료,복지관,기능사
문점순,010-6247-3096,굴착기운전기능사,1940-01-08,충북 청주시험장,2026-08-10 20:52:00,결제대기,가족보조,기능사
박필호,010-8323-9711,전기기능사,1936-02-19,경남 창원시험장,2026-08-11 18:59:00,접수완료,복지관,기능사
안춘자,010-1153-4396,한식조리기능사,1955-02-19,부산 부산시험장,2026-08-03 22:49:00,접수완료,복지관,기능사
백선옥,010-8419-3418,전기기능사,1941-05-10,대전 대전시험장,2026-08-13 17:43:00,접수완료,가족보조,기능사
유영호,010-1096-7081,지게차운전기능사,1943-10-15,제주 제주시험장,2026-08-19 09:46:00,접수완료,가족보조,기능사
곽귀순,010-7740-1413,굴착기운전기능사,1962-12-03,충북 청주시험장,2026-08-12 13:54:00,접수완료,본인단독,기능사
민성호,010-4125-4523,전기기능사,1928-05-02,제주 제주시험장,2026-08-14 15:02:00,접수완료,복지관,기능사
우철수,010-3065-6704,굴착기운전기능사,1957-03-12,경남 창원시험장,2026-08-06 14:56:00,접수완료,가족보조,기능사
황복남,010-2979-3786,지게차운전기능사,1931-02-17,광주 광주시험장,2026-08-13 13:46:00,접수완료,복지관,기능사
노귀순,010-1090-8760,전기기능사,1940-03-25,세종 세종시험장,2026-08-04 22:45:00,접수완료,가족보조,기능사
배갑수,010-9667-1422,한식조리기능사,1936-10-13,경기 고양시험장,2026-08-10 21:55:00,접수완료,복지관,기능사
류재호,010-8424-1508,굴착기운전기능사,1955-09-18,제주 제주시험장,2026-08-07 09:53:00,접수완료,복지관,기능사
안순자,010-3399-7523,굴착기운전기능사,1947-07-20,부산 부산남부시험장,2026-08-15 10:44:00,접수완료,본인단독,기능사
심순옥,010-9150-8316,전기기능사,1964-07-23,대구 대구시험장,2026-08-19 16:57:00,취소,본인단독,기능사
노필호,010-4587-5477,전기기능사,1949-06-02,강원 춘천시험장,2026-08-11 17:23:00,접수완료,본인단독,기능사
문복순,010-8819-5423,지게차운전기능사,1959-09-18,대전 대전시험장,2026-08-06 22:33:00,결제대기,본인단독,기능사
송춘희,010-2686-1853,지게차운전기능사,1944-11-14,대전 대전시험장,2026-08-01 16:48:00,접수완료,가족보조,기능사
우근호,010-5375-6720,지게차운전기능사,1958-11-09,세종 세종시험장,2026-08-18 19:37:00,취소,복지관,기능사
최경자,010-4237-7631,한식조리기능사,1946-11-04,경남 창원시험장,2026-08-13 20:03:00,접수완료,가족보조,기능사
성동석,010-6138-2442,굴착기운전기능사,1942-01-22,서울 서울1시험장,2026-08-01 11:06:00,접수완료,복지관,기능사
주영자,010-2487-4634,굴착기운전기능사,1956-06-17,서울 서울2시험장,2026-08-08 14:24:00,접수완료,본인단독,기능사
송영호,010-9679-7438,전기기능사,1936-04-27,세종 세종시험장,2026-08-19 19:43:00,접수완료,가족보조,기능사
성복순,010-5056-1835,전기기능사,1963-09-06,대전 대전시험장,2026-08-17 18:19:00,접수완료,복지관,기능사
허상원,010-4616-1699,지게차운전기능사,1944-12-12,서울 서울2시험장,2026-08-12 19:47:00,접수완료,복지관,기능사
우금순,010-2129-9137,굴착기운전기능사,1936-12-24,전남 순천시험장,2026-08-05 11:36:00,접수완료,복지관,기능사
전복순,010-3973-7280,지게차운전기능사,1966-10-28,대구 대구시험장,2026-08-15 19:29:00,접수완료,본인단독,기능사
최기철,010-9450-5182,지게차운전기능사,1932-05-22,경북 포항시험장,2026-08-15 20:29:00,접수완료,본인단독,기능사
양만수,010-1894-9253,한식조리기능사,1948-11-28,광주 광주시험장,2026-08-07 17:17:00,접수완료,본인단독,기능사
박봉숙,010-7961-8477,굴착기운전기능사,1940-02-03,경북 포항시험장,2026-08-17 09:07:00,접수완료,본인단독,기능사
권종수,010-8524-6384,굴착기운전기능사,1929-06-28,울산 울산시험장,2026-08-06 14:37:00,접수완료,본인단독,기능사
심근호,010-2803-5533,지게차운전기능사,1937-07-14,인천 인천시험장,2026-08-19 18:51:00,접수완료,본인단독,기능사
곽봉숙,010-5982-8958,전기기능사,1952-04-05,인천 인천시험장,2026-08-02 22:11:00,접수완료,복지관,기능사
강태호,010-4838-7527,굴착기운전기능사,1950-06-05,서울 서울2시험장,2026-08-18 12:52:00,취소,복지관,기능사
송계순,010-8758-6840,굴착기운전기능사,1945-06-01,경남 창원시험장,2026-08-13 16:14:00,접수완료,가족보조,기능사
정태호,010-9873-9698,한식조리기능사,1961-06-02,제주 제주시험장,2026-08-19 18:52:00,접수완료,가족보조,기능사
심계순,010-6743-6357,굴착기운전기능사,1957-12-14,광주 광주시험장,2026-08-03 18:19:00,접수완료,복지관,기능사
양갑수,010-3810-7132,지게차운전기능사,1962-06-04,서울 서울1시험장,2026-08-01 21:47:00,접수완료,복지관,기능사
윤원호,010-1968-5244,한식조리기능사,1942-10-17,서울 서울남부시험장,2026-08-03 17:47:00,접수완료,본인단독,기능사
유필호,010-3204-4934,한식조리기능사,1966-09-13,대전 대전시험장,2026-08-03 09:29:00,접수완료,가족보조,기능사
노태호,010-6669-8148,한식조리기능사,1940-02-25,세종 세종시험장,2026-08-04 21:06:00,접수완료,가족보조,기능사
곽만복,010-7043-3022,한식조리기능사,1947-08-05,경기 수원시험장,2026-08-03 16:09:00,접수완료,복지관,기능사
양옥분,010-6146-5475,지게차운전기능사,1959-10-12,광주 광주시험장,2026-08-04 22:46:00,접수완료,복지관,기능사
민상원,010-5653-9980,한식조리기능사,1949-05-27,경북 포항시험장,2026-08-09 17:05:00,접수완료,가족보조,기능사
전일남,010-4540-8163,한식조리기능사,1962-10-11,대구 대구시험장,2026-08-08 17:13:00,접수완료,본인단독,기능사
송필호,010-1710-2158,지게차운전기능사,1930-07-03,강원 춘천시험장,2026-08-19 14:06:00,취소,복지관,기능사
박순옥,010-6677-8118,한식조리기능사,1963-05-24,충북 청주시험장,2026-08-05 11:04:00,접수완료,가족보조,기능사
허정자,010-8402-5986,지게차운전기능사,1932-03-06,대전 대전시험장,2026-08-18 19:08:00,접수완료,본인단독,기능사
노병수,010-2208-7817,한식조리기능사,1947-06-20,충남 천안시험장,2026-08-18 17:06:00,접수완료,복지관,기능사
박용기,010-8971-5837,굴착기운전기능사,1964-09-24,대전 대전시험장,2026-08-13 13:24:00,접수완료,복지관,기능사
문계순,010-1919-3367,굴착기운전기능사,1965-08-05,부산 부산시험장,2026-08-08 22:49:00,접수완료,복지관,기능사
곽기철,010-2500-1754,굴착기운전기능사,1958-12-26,충남 천안시험장,2026-08-04 22:18:00,취소,복지관,기능사
곽원호,010-6725-9950,전기기능사,1931-10-17,울산 울산시험장,2026-08-14 18:37:00,접수완료,가족보조,기능사
신일남,010-3224-5716,지게차운전기능사,1940-02-19,광주 광주시험장,2026-08-04 12:12:00,접수완료,복지관,기능사
김광수,010-4216-5966,한식조리기능사,1930-06-10,울산 울산시험장,2026-08-18 19:54:00,접수완료,복지관,기능사
이옥분,010-3616-7787,지게차운전기능사,1949-12-07,충북 청주시험장,2026-08-14 15:59:00,결제대기,복지관,기능사
정춘희,010-7021-3016,전기기능사,1935-02-25,울산 울산시험장,2026-08-05 15:21:00,결제대기,본인단독,기능사
노순옥,010-3183-6359,지게차운전기능사,1948-09-06,대구 대구시험장,2026-08-10 15:42:00,접수완료,가족보조,기능사
오영숙,010-1022-2487,굴착기운전기능사,1949-03-04,울산 울산시험장,2026-08-10 12:15:00,접수완료,가족보조,기능사
김경자,010-3159-5984,한식조리기능사,1954-05-04,제주 제주시험장,2026-08-14 22:26:00,접수완료,본인단독,기능사
배필순,010-1926-9525,한식조리기능사,1937-10-09,경기 수원시험장,2026-08-01 10:52:00,접수완료,복지관,기능사
양선옥,010-9272-5581,전기기능사,1942-01-05,울산 울산시험장,2026-08-14 16:39:00,접수완료,복지관,기능사
곽영자,010-3862-6949,한식조리기능사,1963-07-04,세종 세종시험장,2026-08-17 21:23:00,접수완료,본인단독,기능사
유계순,010-1364-5815,한식조리기능사,1933-07-15,인천 인천시험장,2026-08-17 15:53:00,결제대기,본인단독,기능사
강기철,010-2590-7955,지게차운전기능사,1935-11-11,광주 광주시험장,2026-08-01 11:45:00,접수완료,본인단독,기능사
홍동석,010-6666-4916,지게차운전기능사,1928-01-19,충북 청주시험장,2026-08-03 18:46:00,접수완료,본인단독,기능사
장만수,010-4456-9895,굴착기운전기능사,1932-11-27,세종 세종시험장,2026-08-17 22:20:00,취소,본인단독,기능사
백정순,010-1029-9142,지게차운전기능사,1939-03-08,광주 광주시험장,2026-08-03 14:35:00,접수완료,가족보조,기능사
임정호,010-6325-6748,지게차운전기능사,1947-09-09,인천 인천시험장,2026-08-03 17:49:00,접수완료,본인단독,기능사
정계순,010-1645-7059,공인중개사,1966/10/05,충북 청주시험장,2026-08-19 13:50:00,CONFIRMED,본인단독,2차
김운순,010-4062-7982,손해평가사,1965/05/16,강원 춘천시험장,2026-08-10 14:00:00,CONFIRMED,본인단독,1차
김만수,010-7998-8769,공인중개사,1962/04/24,전북 전주시험장,2026-08-19 11:07:00,CONFIRMED,가족보조,2차
백만복,010-2613-7810,손해평가사,1961/07/05,전북 전주시험장,2026-08-09 16:58:00,CONFIRMED,가족보조,1차
고인순,010-7754-5309,공인중개사,1959/12/02,광주 광주시험장,2026-08-13 21:31:00,CONFIRMED,본인단독,2차
윤원호,010-9385-8610,공인중개사,1928/08/04,울산 울산시험장,2026-08-17 22:54:00,CONFIRMED,본인단독,1차
문종수,010-8200-3150,공인중개사,1932/01/25,제주 제주시험장,2026-08-04 22:49:00,CONFIRMED,본인단독,1차
최복남,010-1496-5004,손해평가사,1948/12/15,강원 춘천시험장,2026-08-05 14:29:00,PENDING,본인단독,2차
임춘자,010-7723-7925,공인중개사,1948/07/09,경남 창원시험장,2026-08-10 21:29:00,CONFIRMED,본인단독,2차
양미자,010-1896-9588,손해평가사,1937/03/19,부산 부산시험장,2026-08-12 16:58:00,PENDING,본인단독,1차
임영호,010-9175-4163,공인중개사,1964/11/12,충남 천안시험장,2026-08-14 11:19:00,CONFIRMED,본인단독,1차
윤운순,010-2883-5838,손해평가사,1958/01/01,경기 성남시험장,2026-08-01 19:15:00,CONFIRMED,본인단독,2차
장태호,010-9769-6810,공인중개사,1936/12/13,충남 천안시험장,2026-08-01 21:09:00,CONFIRMED,본인단독,1차
황선옥,010-6087-7516,공인중개사,1959/04/28,대구 대구시험장,2026-08-14 10:39:00,CONFIRMED,본인단독,1차
백금순,010-4558-8008,손해평가사,1945/11/26,제주 제주시험장,2026-08-18 12:41:00,CONFIRMED,본인단독,1차
우용기,010-3165-8816,공인중개사,1952/03/18,제주 제주시험장,2026-08-02 14:02:00,CONFIRMED,가족보조,1차
백만복,010-7425-3851,손해평가사,1953/08/27,전남 순천시험장,2026-08-18 22:02:00,PENDING,본인단독,2차
양갑수,010-1064-8394,손해평가사,1956/06/11,대구 대구시험장,2026-08-06 16:35:00,CONFIRMED,본인단독,1차
백미자,010-1638-4373,공인중개사,1941/04/03,경남 창원시험장,2026-08-07 16:36:00,PENDING,가족보조,2차
허순옥,010-7982-6257,손해평가사,1930/10/03,서울 서울남부시험장,2026-08-03 10:43:00,CONFIRMED,가족보조,1차
심필호,010-9569-2663,손해평가사,1940/06/25,세종 세종시험장,2026-08-16 17:34:00,CONFIRMED,본인단독,1차
임점순,010-8227-3507,손해평가사,1942/09/02,서울 서울2시험장,2026-08-08 16:19:00,CONFIRMED,본인단독,2차
손순옥,010-1208-4202,공인중개사,1937/08/17,세종 세종시험장,2026-08-04 13:50:00,CONFIRMED,가족보조,1차
우말자,010-5628-9967,손해평가사,1947/12/27,전북 전주시험장,2026-08-09 21:07:00,CONFIRMED,가족보조,1차
고상원,010-2920-5442,손해평가사,1929/04/05,광주 광주시험장,2026-08-09 13:07:00,CONFIRMED,가족보조,1차
한옥분,010-2396-6639,손해평가사,1937/02/25,전북 전주시험장,2026-08-17 20:27:00,CONFIRMED,본인단독,2차
조원호,010-8419-7412,손해평가사,1945/02/20,경북 포항시험장,2026-08-12 09:55:00,CONFIRMED,본인단독,1차
곽만수,010-8949-3895,손해평가사,1948/04/13,부산 부산시험장,2026-08-07 15:49:00,CONFIRMED,가족보조,1차
강영수,010-6245-5399,손해평가사,1933/04/11,전북 전주시험장,2026-08-12 19:26:00,CONFIRMED,가족보조,1차
김춘희,010-9090-3451,공인중개사,1960/05/28,울산 울산시험장,2026-08-03 15:26:00,CONFIRMED,본인단독,1차
정동석,010-4887-8567,손해평가사,1966/08/10,부산 부산남부시험장,2026-08-08 19:01:00,CONFIRMED,본인단독,1차
주영수,010-1360-8189,손해평가사,1935/12/22,전남 순천시험장,2026-08-16 18:27:00,CONFIRMED,가족보조,2차
강용기,010-6566-3317,공인중개사,1948/04/03,강원 춘천시험장,2026-08-01 21:15:00,CONFIRMED,본인단독,2차
유영호,010-2676-1209,손해평가사,1965/02/28,강원 춘천시험장,2026-08-08 17:11:00,PENDING,가족보조,2차
김정자,010-6356-8048,공인중개사,1934/09/07,대전 대전시험장,2026-08-09 15:49:00,CONFIRMED,본인단독,2차
백성호,010-6110-5771,공인중개사,1929/05/27,제주 제주시험장,2026-08-07 12:44:00,CONFIRMED,가족보조,2차
성갑수,010-1454-1707,공인중개사,1938/11/10,제주 제주시험장,2026-08-03 19:19:00,CANCELLED,가족보조,1차
심춘자,010-3068-8917,공인중개사,1958/06/04,세종 세종시험장,2026-08-01 16:06:00,CONFIRMED,가족보조,2차
배삼석,010-7278-3148,손해평가사,1942/10/08,강원 춘천시험장,2026-08-13 09:13:00,CONFIRMED,본인단독,1차
하계순,010-1200-7850,손해평가사,1936/12/06,인천 인천시험장,2026-08-08 21:47:00,CONFIRMED,본인단독,1차
최용기,010-7432-6071,손해평가사,1939/06/24,충북 청주시험장,2026-08-11 19:18:00,CONFIRMED,본인단독,2차
하정자,010-4749-7971,손해평가사,1961/12/04,충북 청주시험장,2026-08-07 20:19:00,CANCELLED,본인단독,1차
남만수,010-8014-1043,공인중개사,1936/05/10,강원 춘천시험장,2026-08-05 22:22:00,CONFIRMED,가족보조,2차
고태호,010-1030-9441,공인중개사,1933/02/19,충남 천안시험장,2026-08-16 15:07:00,CONFIRMED,본인단독,1차
이상원,010-4827-7602,공인중개사,1950/03/25,제주 제주시험장,2026-08-18 14:59:00,CONFIRMED,본인단독,1차
안금순,010-6986-6371,손해평가사,1936/09/17,경남 창원시험장,2026-08-16 18:17:00,CONFIRMED,가족보조,2차
장기철,010-3105-8766,공인중개사,1948/07/24,전북 전주시험장,2026-08-17 21:12:00,CONFIRMED,본인단독,1차
장명자,010-5297-9787,공인중개사,1937/05/16,대전 대전시험장,2026-08-17 22:16:00,CONFIRMED,본인단독,2차
강병수,010-7723-1495,손해평가사,1963/02/24,경남 창원시험장,2026-08-04 19:53:00,CONFIRMED,가족보조,2차
홍성호,010-1734-5292,공인중개사,1956/04/25,강원 춘천시험장,2026-08-08 21:40:00,CANCELLED,가족보조,2차
이옥희,010-9292-6479,공인중개사,1958/12/05,제주 제주시험장,2026-08-19 09:40:00,CONFIRMED,가족보조,2차
정귀순,010-1538-6610,손해평가사,1929/08/14,전북 전주시험장,2026-08-08 11:43:00,CONFIRMED,본인단독,1차
황기철,010-5743-8274,공인중개사,1939/09/16,경기 수원시험장,2026-08-13 11:06:00,CONFIRMED,가족보조,2차
유원호,010-2008-8852,공인중개사,1931/08/26,강원 춘천시험장,2026-08-08 11:45:00,CONFIRMED,본인단독,1차
구영호,010-8012-2856,손해평가사,1931/06/11,울산 울산시험장,2026-08-07 20:59:00,CONFIRMED,가족보조,2차
오말순,010-4765-4558,손해평가사,1955/09/02,인천 인천시험장,2026-08-04 22:45:00,CONFIRMED,본인단독,1차
차정호,010-1348-2242,공인중개사,1928/07/04,부산 부산시험장,2026-08-08 10:44:00,CONFIRMED,가족보조,1차
차정호,010-9144-3042,공인중개사,1961/03/14,경북 포항시험장,2026-08-03 20:05:00,CONFIRMED,가족보조,2차
최기철,010-7070-3287,손해평가사,1956/02/11,경기 수원시험장,2026-08-02 22:24:00,CONFIRMED,본인단독,2차
장점순,010-2841-1433,손해평가사,1952/04/20,울산 울산시험장,2026-08-13 17:02:00,CONFIRMED,본인단독,2차
조복순,010-7179-2105,공인중개사,1936/08/15,대전 대전시험장,2026-08-15 17:33:00,CONFIRMED,본인단독,2차
김필순,010-2501-4664,공인중개사,1962/10/13,광주 광주시험장,2026-08-07 10:41:00,CONFIRMED,본인단독,2차
남영자,010-7574-5789,공인중개사,1933/03/26,경기 수원시험장,2026-08-16 20:19:00,CONFIRMED,가족보조,1차
오운순,010-4648-4561,공인중개사,1941/05/12,인천 인천시험장,2026-08-10 22:57:00,CONFIRMED,본인단독,1차
민정순,010-5602-3163,손해평가사,1956/03/05,경북 포항시험장,2026-08-13 18:03:00,CONFIRMED,본인단독,1차
한선옥,010-6505-6049,손해평가사,1937/05/20,충남 천안시험장,2026-08-01 09:06:00,CONFIRMED,본인단독,1차
성필순,010-4052-1049,손해평가사,1956/03/25,충북 청주시험장,2026-08-17 12:49:00,CONFIRMED,가족보조,1차
곽순옥,010-6947-8203,공인중개사,1957/02/16,제주 제주시험장,2026-08-05 16:48:00,CONFIRMED,가족보조,1차
신갑순,010-3571-5727,공인중개사,1965/04/23,경남 창원시험장,2026-08-08 12:24:00,CONFIRMED,본인단독,2차
남운순,010-5204-8246,손해평가사,1947/11/25,전북 전주시험장,2026-08-19 16:45:00,CONFIRMED,가족보조,2차
주만복,010-5489-2154,공인중개사,1948/07/22,인천 인천시험장,2026-08-16 15:18:00,CONFIRMED,가족보조,2차
손용기,010-7132-3089,공인중개사,1942/02/23,전남 순천시험장,2026-08-09 16:12:00,CANCELLED,본인단독,2차
민병수,010-6221-2275,공인중개사,1962/10/08,경기 성남시험장,2026-08-18 13:55:00,CONFIRMED,본인단독,2차
임인순,010-4166-3631,손해평가사,1934/08/21,서울 서울2시험장,2026-08-10 20:14:00,CONFIRMED,본인단독,1차
문미자,010-7614-2780,손해평가사,1952/12/15,광주 광주시험장,2026-08-13 16:44:00,CONFIRMED,가족보조,2차
전삼석,010-3704-9296,공인중개사,1948/08/14,인천 인천시험장,2026-08-01 18:33:00,CONFIRMED,가족보조,1차
임갑수,010-5522-4905,공인중개사,1955/04/13,전남 순천시험장,2026-08-13 22:55:00,CONFIRMED,가족보조,1차
고용기,010-1315-7902,손해평가사,1928/08/07,강원 춘천시험장,2026-08-05 18:02:00,CONFIRMED,본인단독,1차
장상길,010-4239-4971,손해평가사,1950/05/07,광주 광주시험장,2026-08-02 10:33:00,CONFIRMED,가족보조,1차
한두만,010-5313-7173,손해평가사,1949/01/23,전북 전주시험장,2026-08-11 12:47:00,CONFIRMED,가족보조,1차
배일남,010-7837-6733,공인중개사,1943/12/24,부산 부산남부시험장,2026-08-07 09:46:00,CONFIRMED,본인단독,2차
권동호,010-1532-7210,공인중개사,1942/07/10,경기 고양시험장,2026-08-06 22:08:00,CONFIRMED,본인단독,1차
하말자,010-4809-1113,공인중개사,1933/12/21,경북 포항시험장,2026-08-13 19:02:00,CONFIRMED,본인단독,2차
유만복,010-3535-7806,공인중개사,1953/10/02,서울 서울2시험장,2026-08-03 22:44:00,CONFIRMED,가족보조,1차
남명자,010-9852-8550,손해평가사,1961/10/24,전북 전주시험장,2026-08-01 20:14:00,CONFIRMED,본인단독,1차
한춘자,010-6102-6736,공인중개사,1928/09/18,인천 인천시험장,2026-08-12 12:52:00,CONFIRMED,본인단독,2차
심순옥,010-3371-4266,공인중개사,1949/05/26,경남 창원시험장,2026-08-03 20:21:00,CONFIRMED,본인단독,2차
이미자,010-7772-3147,손해평가사,1942/12/26,충남 천안시험장,2026-08-16 18:09:00,CONFIRMED,가족보조,2차
양동호,010-6529-1312,손해평가사,1942/04/22,전남 순천시험장,2026-08-08 21:20:00,CONFIRMED,가족보조,2차
강순옥,010-8115-3241,손해평가사,1928/08/28,전북 전주시험장,2026-08-19 09:40:00,CONFIRMED,가족보조,2차
조운순,010-5159-5646,손해평가사,1945/05/21,경남 창원시험장,2026-08-07 21:14:00,CONFIRMED,가족보조,2차
차영호,010-6228-7302,공인중개사,1939/09/07,광주 광주시험장,2026-08-08 17:48:00,PENDING,가족보조,2차
이원호,010-6435-7621,손해평가사,1937/08/26,부산 부산시험장,2026-08-05 13:02:00,PENDING,본인단독,1차
고인순,010-5520-7481,손해평가사,1938/05/02,충북 청주시험장,2026-08-19 20:44:00,CONFIRMED,가족보조,1차
이말자,010-1959-9818,공인중개사,1936/05/03,세종 세종시험장,2026-08-02 16:50:00,CONFIRMED,본인단독,2차
백일남,010-8073-3224,공인중개사,1952/01/16,서울 서울남부시험장,2026-08-04 10:17:00,CONFIRMED,가족보조,1차
권순옥,010-4569-6604,손해평가사,1965/02/01,충북 청주시험장,2026-08-04 09:31:00,CONFIRMED,본인단독,1차
최귀순,010-5604-3695,손해평가사,1957/04/14,경남 창원시험장,2026-08-17 20:55:00,CANCELLED,본인단독,1차
백말순,010-5192-3636,손해평가사,1962/03/02,전북 전주시험장,2026-08-08 10:12:00,CONFIRMED,본인단독,2차
차상원,010-7984-3906,손해평가사,1943/06/05,세종 세종시험장,2026-08-03 14:13:00,CONFIRMED,본인단독,1차
송옥분,010-6021-8169,손해평가사,1947/01/02,대구 대구시험장,2026-08-18 14:43:00,CONFIRMED,본인단독,1차
민태호,010-7754-2159,손해평가사,1953/06/06,제주 제주시험장,2026-08-11 12:07:00,CONFIRMED,본인단독,1차
심두만,010-8162-5014,손해평가사,1942/03/09,광주 광주시험장,2026-08-02 13:21:00,CONFIRMED,본인단독,1차
신상원,010-1943-9973,손해평가사,1961/04/10,경기 수원시험장,2026-08-14 19:55:00,CONFIRMED,가족보조,1차
남명자,010-9387-7441,손해평가사,1930/02/09,경북 포항시험장,2026-08-15 17:46:00,CONFIRMED,가족보조,2차
권정호,010-5061-8360,손해평가사,1934/06/04,충북 청주시험장,2026-08-02 15:01:00,PENDING,가족보조,1차
차정순,010-6610-2455,손해평가사,1946/08/17,전북 전주시험장,2026-08-02 09:01:00,CONFIRMED,가족보조,2차
유복순,010-7262-3377,손해평가사,1937/05/04,울산 울산시험장,2026-08-19 09:02:00,CONFIRMED,본인단독,1차
성태호,010-1018-4536,공인중개사,1943/04/02,대전 대전시험장,2026-08-02 13:36:00,CANCELLED,가족보조,2차
백영수,010-6876-2129,손해평가사,1944/02/15,강원 춘천시험장,2026-08-08 22:21:00,CANCELLED,가족보조,1차
전태호,010-2941-9789,공인중개사,1933/12/20,충북 청주시험장,2026-08-09 17:52:00,CONFIRMED,본인단독,1차
손순옥,010-9842-7925,공인중개사,1935/05/05,대전 대전시험장,2026-08-04 13:47:00,CONFIRMED,가족보조,1차
곽삼석,010-6465-6022,공인중개사,1950/05/07,인천 인천시험장,2026-08-11 18:52:00,CONFIRMED,본인단독,2차
류점순,010-8005-9593,공인중개사,1946/10/26,부산 부산시험장,2026-08-12 11:50:00,CONFIRMED,가족보조,2차
송점순,010-3974-6108,손해평가사,1960/09/15,인천 인천시험장,2026-08-15 14:16:00,CONFIRMED,본인단독,2차
손춘자,010-2877-6004,공인중개사,1943/08/14,경기 수원시험장,2026-08-10 16:41:00,CONFIRMED,본인단독,1차
류말자,010-5531-1057,손해평가사,1962/10/10,광주 광주시험장,2026-08-08 21:41:00,CONFIRMED,가족보조,2차
이말순,010-2752-3802,공인중개사,1937/12/13,부산 부산남부시험장,2026-08-06 13:16:00,CONFIRMED,본인단독,2차
윤태호,010-1624-7272,공인중개사,1941/10/23,경남 창원시험장,2026-08-02 11:32:00,CONFIRMED,본인단독,1차
고상길,010-3929-1581,손해평가사,1941/03/02,경남 창원시험장,2026-08-05 13:05:00,CONFIRMED,가족보조,1차
배만수,010-7626-6562,손해평가사,1943/05/27,강원 춘천시험장,2026-08-08 12:09:00,CONFIRMED,가족보조,1차
신영자,010-6842-9208,손해평가사,1962/06/25,전남 순천시험장,2026-08-10 19:18:00,CONFIRMED,본인단독,1차
안순자,010-5978-1153,손해평가사,1938/01/25,인천 인천시험장,2026-08-17 17:19:00,CONFIRMED,가족보조,2차
노원호,010-1187-7422,공인중개사,1937/11/05,경기 수원시험장,2026-08-07 11:06:00,CONFIRMED,본인단독,1차
유상길,010-7691-4127,손해평가사,1931/12/18,부산 부산남부시험장,2026-08-11 10:32:00,CONFIRMED,가족보조,2차
송복순,010-3089-8067,공인중개사,1960/01/26,전북 전주시험장,2026-08-15 20:48:00,CONFIRMED,가족보조,2차
유금순,010-7654-4452,공인중개사,1958/08/02,충북 청주시험장,2026-08-05 22:51:00,CONFIRMED,본인단독,2차
서정호,010-1434-6323,공인중개사,1955/08/27,인천 인천시험장,2026-08-14 12:25:00,CONFIRMED,본인단독,2차
최옥희,010-3194-2494,손해평가사,1964/03/08,서울 서울1시험장,2026-08-13 13:33:00,CONFIRMED,가족보조,2차
서동호,010-9359-6654,공인중개사,1949/07/11,세종 세종시험장,2026-08-06 19:15:00,CONFIRMED,본인단독,2차
조상길,010-4224-2794,공인중개사,1928/02/02,대전 대전시험장,2026-08-19 22:40:00,CONFIRMED,가족보조,1차
이만복,010-8933-8915,공인중개사,1958/08/10,전북 전주시험장,2026-08-10 16:38:00,CONFIRMED,가족보조,1차
고영자,010-7393-6114,공인중개사,1948/10/08,경남 창원시험장,2026-08-18 20:29:00,CONFIRMED,본인단독,1차
권필순,010-5493-9434,손해평가사,1963/01/05,세종 세종시험장,2026-08-13 17:24:00,PENDING,본인단독,2차
송용기,010-9433-9539,공인중개사,1954/04/21,울산 울산시험장,2026-08-16 16:49:00,PENDING,본인단독,1차
구광수,010-9395-2739,손해평가사,1951/09/12,경남 창원시험장,2026-08-19 11:27:00,CONFIRMED,본인단독,1차
고영자,010-2156-1359,손해평가사,1961/02/06,경북 포항시험장,2026-08-11 11:57:00,CONFIRMED,본인단독,1차
서재호,010-8467-6058,공인중개사,1961/02/28,강원 춘천시험장,2026-08-14 19:44:00,CONFIRMED,가족보조,2차
송원호,010-5109-4512,손해평가사,1937/10/25,경기 수원시험장,2026-08-05 09:52:00,CONFIRMED,가족보조,1차
송태호,010-1445-1516,손해평가사,1957/01/11,인천 인천시험장,2026-08-12 14:48:00,CONFIRMED,가족보조,2차
강근호,010-3347-6629,공인중개사,1931/11/09,서울 서울2시험장,2026-08-06 21:10:00,PENDING,가족보조,2차
황복순,010-9387-4574,손해평가사,1928/08/06,대전 대전시험장,2026-08-08 12:31:00,CONFIRMED,본인단독,1차
권만복,010-9274-1409,손해평가사,1935/06/20,서울 서울1시험장,2026-08-09 11:30:00,CONFIRMED,본인단독,1차
박동호,010-4785-8784,공인중개사,1964/01/24,충남 천안시험장,2026-08-12 22:29:00,CONFIRMED,본인단독,2차
성옥희,010-4786-7424,공인중개사,1933/02/09,인천 인천시험장,2026-08-14 22:02:00,CONFIRMED,본인단독,2차
강미자,010-7014-1635,공인중개사,1966/10/14,충남 천안시험장,2026-08-18 19:38:00,CONFIRMED,본인단독,2차
정필순,010-8735-7482,공인중개사,1934/10/05,강원 춘천시험장,2026-08-10 11:19:00,CONFIRMED,가족보조,2차
손태호,010-1311-2258,공인중개사,1966/06/01,대전 대전시험장,2026-08-17 17:49:00,CONFIRMED,본인단독,2차
심영숙,010-2994-2540,공인중개사,1963/03/03,부산 부산남부시험장,2026-08-03 15:45:00,CONFIRMED,가족보조,2차
차경자,010-8229-2199,공인중개사,1953/07/25,울산 울산시험장,2026-08-18 17:16:00,CANCELLED,가족보조,1차
허병수,010-5731-6612,공인중개사,1945/12/05,경남 창원시험장,2026-08-08 19:45:00,CONFIRMED,본인단독,1차
송동석,010-8537-9967,손해평가사,1932/02/08,울산 울산시험장,2026-08-10 16:08:00,CONFIRMED,본인단독,2차
우춘희,010-4793-9524,손해평가사,1938/07/25,대구 대구시험장,2026-08-17 21:59:00,CONFIRMED,가족보조,1차
신정호,010-3267-1248,공인중개사,1944/02/24,대전 대전시험장,2026-08-13 18:29:00,CONFIRMED,가족보조,2차
주영숙,010-7192-8488,공인중개사,1942/08/10,제주 제주시험장,2026-08-03 10:23:00,CONFIRMED,가족보조,1차
심복남,010-5809-3001,공인중개사,1930/03/15,대전 대전시험장,2026-08-12 12:28:00,CONFIRMED,가족보조,1차
배필호,010-1962-6566,손해평가사,1957/05/26,인천 인천시험장,2026-08-16 11:45:00,CONFIRMED,본인단독,1차
주상원,010-6172-3222,손해평가사,1950/11/08,서울 서울2시험장,2026-08-01 11:53:00,CONFIRMED,본인단독,1차
심봉숙,010-5030-7332,공인중개사,1935/05/16,경북 포항시험장,2026-08-06 09:17:00,CONFIRMED,가족보조,2차
백상길,010-7379-4524,공인중개사,1961/05/10,부산 부산시험장,2026-08-06 21:07:00,CANCELLED,가족보조,1차
조정호,010-7882-5256,공인중개사,1928/05/08,부산 부산남부시험장,2026-08-14 16:29:00,CONFIRMED,본인단독,1차
장정호,010-5653-3302,손해평가사,1930/03/03,서울 서울2시험장,2026-08-14 09:21:00,CONFIRMED,본인단독,1차
곽근호,010-8564-3461,손해평가사,1960/07/17,울산 울산시험장,2026-08-18 13:08:00,CONFIRMED,본인단독,1차
심필순,010-8750-9230,손해평가사,1932/10/09,세종 세종시험장,2026-08-14 20:55:00,CONFIRMED,본인단독,2차
하순자,010-4111-5725,손해평가사,1928/11/19,서울 서울2시험장,2026-08-02 13:15:00,CONFIRMED,가족보조,1차
김일남,010-5892-5042,공인중개사,1948/07/13,경기 성남시험장,2026-08-11 14:19:00,CONFIRMED,본인단독,1차
박근호,010-6042-6075,손해평가사,1939/01/19,대전 대전시험장,2026-08-14 19:31:00,CONFIRMED,가족보조,1차
안종수,010-9784-4971,손해평가사,1957/02/03,광주 광주시험장,2026-08-18 15:23:00,CONFIRMED,본인단독,2차
유동호,010-3034-1658,공인중개사,1948/08/23,경남 창원시험장,2026-08-03 14:32:00,CONFIRMED,가족보조,2차
강계순,010-7296-4716,손해평가사,1941/06/08,경기 성남시험장,2026-08-18 19:34:00,CONFIRMED,가족보조,1차
곽동호,010-3724-3850,손해평가사,1961/11/10,강원 춘천시험장,2026-08-12 16:32:00,CONFIRMED,본인단독,1차
최필호,010-3570-6747,손해평가사,1953/10/15,전북 전주시험장,2026-08-16 11:03:00,CONFIRMED,가족보조,1차
임만수,010-3800-6095,공인중개사,1946/11/16,경북 포항시험장,2026-08-03 12:38:00,CONFIRMED,본인단독,2차
차두만,010-9357-2664,손해평가사,1947/07/05,대전 대전시험장,2026-08-09 14:24:00,CONFIRMED,가족보조,1차
노옥희,010-9658-8001,손해평가사,1954/05/11,서울 서울남부시험장,2026-08-11 21:09:00,CONFIRMED,본인단독,2차
조병수,010-9890-5452,손해평가사,1951/01/10,전남 순천시험장,2026-08-16 22:45:00,CONFIRMED,가족보조,2차
하두만,010-7101-3314,손해평가사,1960/04/15,경북 포항시험장,2026-08-12 20:40:00,CONFIRMED,본인단독,2차
성귀순,010-7459-7928,공인중개사,1936/09/12,세종 세종시험장,2026-08-18 18:28:00,CONFIRMED,본인단독,1차
송만복,010-8251-5237,손해평가사,1933/10/17,울산 울산시험장,2026-08-17 10:51:00,CONFIRMED,가족보조,2차
남옥희,010-4519-3110,공인중개사,1933/03/13,인천 인천시험장,2026-08-17 17:42:00,CONFIRMED,가족보조,1차
류춘자,010-4772-6478,공인중개사,1933/12/09,전북 전주시험장,2026-08-18 17:09:00,CONFIRMED,본인단독,1차
백필호,010-4436-2302,손해평가사,1951/12/18,인천 인천시험장,2026-08-14 22:03:00,CONFIRMED,가족보조,2차
민귀순,010-9003-8086,공인중개사,1934/06/22,전북 전주시험장,2026-08-06 12:47:00,CONFIRMED,본인단독,2차
백필호,010-8884-2428,공인중개사,1936/12/15,세종 세종시험장,2026-08-01 09:08:00,CONFIRMED,가족보조,1차
차만복,010-3254-2140,공인중개사,1945/11/01,대전 대전시험장,2026-08-17 16:51:00,CONFIRMED,본인단독,1차
심일남,010-1782-8793,손해평가사,1947/01/20,서울 서울2시험장,2026-08-03 21:56:00,CONFIRMED,본인단독,2차
손순자,010-2274-5617,손해평가사,1936/02/06,경북 포항시험장,2026-08-18 09:48:00,CONFIRMED,가족보조,1차
남필호,010-7785-4510,공인중개사,1953/06/12,세종 세종시험장,2026-08-14 16:22:00,CONFIRMED,가족보조,2차
한말순,010-6671-3611,손해평가사,1929/05/12,울산 울산시험장,2026-08-10 18:52:00,CONFIRMED,본인단독,1차
양금순,010-5170-5750,손해평가사,1931/04/28,충북 청주시험장,2026-08-14 21:55:00,CONFIRMED,가족보조,2차
강영호,010-6523-1559,손해평가사,1958/09/11,강원 춘천시험장,2026-08-15 19:01:00,CONFIRMED,가족보조,1차
오선옥,010-9778-8104,공인중개사,1945/05/25,전북 전주시험장,2026-08-13 10:24:00,CONFIRMED,가족보조,1차
홍광수,010-4980-5097,손해평가사,1965/02/05,울산 울산시험장,2026-08-01 18:24:00,CONFIRMED,본인단독,1차
안원호,010-8826-3282,손해평가사,1942/05/13,충남 천안시험장,2026-08-18 20:52:00,PENDING,가족보조,1차
전말자,010-3990-3897,손해평가사,1950/07/21,대전 대전시험장,2026-08-16 12:45:00,CONFIRMED,가족보조,1차
노필순,010-1325-3042,손해평가사,1932/09/16,세종 세종시험장,2026-08-11 18:24:00,CANCELLED,가족보조,1차
한갑순,010-8873-2606,손해평가사,1930/03/16,세종 세종시험장,2026-08-03 21:04:00,CANCELLED,본인단독,2차
노용기,010-6316-3477,공인중개사,1950/03/27,제주 제주시험장,2026-08-11 20:23:00,CONFIRMED,가족보조,2차
박계순,010-1811-8220,공인중개사,1964/08/05,충북 청주시험장,2026-08-18 15:01:00,CONFIRMED,본인단독,1차
허광수,010-8575-4628,공인중개사,1946/11/23,서울 서울2시험장,2026-08-04 14:06:00,CONFIRMED,본인단독,1차
윤봉숙,01029589541,요양보호사,28-07-1948,청주센터,2026-08-10 15:20:00,active,가족보조,무학
차근호,01040675801,요양보호사,28-01-1941,대전센터,2026-08-19 17:30:00,active,복지관,무학
유운순,01032653570,요양보호사,14-11-1961,광주센터,2026-08-15 15:00:00,active,본인단독,초등학교졸업
임미자,01045426887,위생사,26-12-1959,청주센터,2026-08-16 09:50:00,active,가족보조,중학교졸업
주명자,01087294224,요양보호사,11-11-1960,대구센터,2026-08-19 10:26:00,active,가족보조,고등학교졸업
최필순,01017158202,위생사,14-12-1964,대전센터,2026-08-12 09:37:00,active,본인단독,대학교졸
우말자,01017598489,위생사,20-07-1960,부산센터,2026-08-06 20:10:00,active,복지관,고등학교졸업
손계순,01095403228,요양보호사,13-09-1939,부산센터,2026-08-17 14:55:00,active,가족보조,고등학교졸업
양복순,01020428269,요양보호사,09-09-1950,서울센터,2026-08-13 16:23:00,active,복지관,대학원졸
민근호,01043162185,요양보호사,20-11-1963,대구센터,2026-08-08 10:51:00,active,본인단독,전문대졸
신상원,01051685234,위생사,20-06-1950,광주센터,2026-08-17 16:59:00,active,본인단독,중학교졸업
서동호,01036934340,위생사,14-09-1955,제주센터,2026-08-13 14:54:00,active,복지관,대학원졸
심영호,01011675909,요양보호사,01-03-1941,수원센터,2026-08-09 14:00:00,active,복지관,대학원졸
노영호,01077323615,요양보호사,20-08-1941,대구센터,2026-08-11 15:55:00,active,복지관,고등학교졸업
최금순,01028627744,요양보호사,22-12-1934,서울센터,2026-08-13 20:57:00,pending,가족보조,대학교졸
김재호,01057356038,요양보호사,17-10-1953,부산센터,2026-08-04 17:00:00,active,가족보조,고등학교졸업
배기철,01037668225,요양보호사,16-03-1935,광주센터,2026-08-02 11:52:00,cancelled,복지관,중학교졸업
류춘자,01072102658,요양보호사,17-04-1963,서울센터,2026-08-01 18:58:00,active,본인단독,대학교졸
배춘희,01047579065,위생사,07-08-1947,광주센터,2026-08-05 20:13:00,pending,가족보조,중학교졸업
정선옥,01030655686,요양보호사,03-01-1957,수원센터,2026-08-19 20:20:00,active,복지관,초등학교졸업
신광수,01019337393,요양보호사,19-12-1949,서울센터,2026-08-13 19:47:00,active,가족보조,대학교졸
임정자,01014317853,요양보호사,22-11-1948,대전센터,2026-08-13 15:56:00,active,본인단독,초등학교졸업
성춘희,01079235483,요양보호사,28-11-1960,청주센터,2026-08-02 20:11:00,active,본인단독,고등학교졸업
최복순,01091222822,요양보호사,02-12-1951,청주센터,2026-08-12 09:26:00,active,복지관,대학원졸
성순옥,01085432727,위생사,07-10-1943,대구센터,2026-08-10 15:40:00,active,가족보조,대학교졸
우정순,01018984911,요양보호사,21-02-1947,대구센터,2026-08-16 19:32:00,active,가족보조,대학교졸
배말순,01092235017,요양보호사,16-07-1937,전주센터,2026-08-07 15:45:00,active,가족보조,고등학교졸업
송봉숙,01072773250,요양보호사,04-02-1947,제주센터,2026-08-14 20:09:00,active,가족보조,대학교졸
성동석,01066868981,위생사,20-01-1929,대구센터,2026-08-03 22:06:00,active,복지관,고등학교졸업
조계순,01068847238,위생사,27-12-1931,부산센터,2026-08-01 15:33:00,active,본인단독,고등학교졸업
오금순,01057826216,요양보호사,09-01-1957,부산센터,2026-08-02 21:30:00,active,복지관,전문대졸
주갑순,01092681986,요양보호사,28-08-1935,부산센터,2026-08-09 20:53:00,active,본인단독,고등학교졸업
양재호,01021235219,요양보호사,25-08-1937,수원센터,2026-08-06 11:59:00,active,복지관,대학교졸
이태호,01064369965,요양보호사,17-12-1951,서울센터,2026-08-06 19:49:00,active,가족보조,대학교졸
곽원호,01099786468,요양보호사,02-10-1928,대전센터,2026-08-10 18:13:00,active,본인단독,고등학교졸업
류상원,01030395998,위생사,02-08-1962,청주센터,2026-08-09 09:13:00,active,본인단독,고등학교졸업
이갑수,01043404602,요양보호사,26-12-1938,청주센터,2026-08-16 14:36:00,active,복지관,초등학교졸업
김태호,01072738913,요양보호사,22-09-1929,전주센터,2026-08-11 10:16:00,active,복지관,중학교졸업
강정순,01069659004,요양보호사,28-06-1948,부산센터,2026-08-14 09:07:00,active,본인단독,고등학교졸업
백운순,01034959263,요양보호사,23-02-1932,서울센터,2026-08-18 18:03:00,active,본인단독,전문대졸
정영숙,01065584094,요양보호사,06-09-1944,대전센터,2026-08-09 19:02:00,active,가족보조,대학원졸
홍두만,01083407626,요양보호사,18-02-1961,대구센터,2026-08-11 13:51:00,active,가족보조,대학교졸
유계순,01018347539,위생사,01-12-1946,수원센터,2026-08-04 16:43:00,active,가족보조,고등학교졸업
심종수,01077209723,요양보호사,02-07-1955,전주센터,2026-08-14 09:35:00,active,가족보조,전문대졸
홍동석,01035946633,요양보호사,23-03-1949,전주센터,2026-08-09 21:29:00,active,복지관,초등학교졸업
서봉숙,01094747056,요양보호사,01-11-1957,수원센터,2026-08-15 21:10:00,active,가족보조,고등학교졸업
유말자,01068939450,요양보호사,15-03-1941,대구센터,2026-08-18 15:41:00,cancelled,본인단독,고등학교졸업
배계순,01071047196,요양보호사,25-07-1964,서울센터,2026-08-03 15:21:00,pending,본인단독,고등학교졸업
오미자,01080277844,요양보호사,23-10-1934,대전센터,2026-08-11 20:08:00,active,가족보조,무학
민두만,01096372109,위생사,17-02-1946,대전센터,2026-08-05 13:27:00,active,가족보조,고등학교졸업
배동석,01023443844,요양보호사,17-01-1928,서울센터,2026-08-03 16:47:00,active,복지관,대학교졸
한정순,01019487019,위생사,25-02-1933,서울센터,2026-08-12 22:22:00,cancelled,복지관,고등학교졸업
서철수,01037528851,요양보호사,05-02-1948,대전센터,2026-08-15 18:47:00,active,복지관,고등학교졸업
하일남,01086608565,요양보호사,03-11-1961,대구센터,2026-08-18 12:28:00,active,복지관,고등학교졸업
최경자,01044509353,위생사,01-08-1964,청주센터,2026-08-16 22:53:00,active,본인단독,중학교졸업
주동호,01063475958,위생사,15-01-1944,전주센터,2026-08-07 10:12:00,active,복지관,대학원졸
조경자,01040061437,요양보호사,05-02-1966,제주센터,2026-08-05 12:37:00,active,복지관,초등학교졸업
구순옥,01015618339,요양보호사,08-09-1966,서울센터,2026-08-01 11:51:00,active,복지관,고등학교졸업
노영수,01037882805,요양보호사,16-01-1959,수원센터,2026-08-09 21:36:00,active,가족보조,무학
윤영숙,01049168941,요양보호사,04-07-1965,대전센터,2026-08-11 13:24:00,active,가족보조,중학교졸업
윤원호,01018471993,위생사,01-10-1940,서울센터,2026-08-05 15:17:00,active,가족보조,중학교졸업
백정호,01054364499,요양보호사,07-12-1942,대구센터,2026-08-16 11:52:00,cancelled,가족보조,전문대졸
남갑수,01020234432,요양보호사,23-02-1965,대구센터,2026-08-01 11:40:00,active,본인단독,고등학교졸업
곽춘희,01091533679,요양보호사,16-01-1958,서울센터,2026-08-14 16:23:00,active,가족보조,중학교졸업
전만복,01064217940,요양보호사,01-11-1941,제주센터,2026-08-11 20:31:00,active,본인단독,대학원졸
이삼석,01051747006,요양보호사,01-09-1941,수원센터,2026-08-15 10:16:00,active,복지관,전문대졸
윤선옥,01012809221,위생사,01-11-1957,청주센터,2026-08-05 12:55:00,active,본인단독,고등학교졸업
안정호,01069228006,위생사,28-01-1947,청주센터,2026-08-02 20:13:00,active,본인단독,고등학교졸업
심광수,01087336295,요양보호사,18-07-1941,서울센터,2026-08-01 11:38:00,active,가족보조,초등학교졸업
심영수,01042221140,요양보호사,26-03-1943,서울센터,2026-08-13 21:20:00,active,가족보조,초등학교졸업
박성호,01031105305,요양보호사,01-03-1958,대전센터,2026-08-03 22:10:00,active,가족보조,전문대졸
조일남,01073349396,요양보호사,03-03-1945,부산센터,2026-08-02 17:00:00,pending,본인단독,전문대졸
장상길,01058614721,요양보호사,23-07-1956,청주센터,2026-08-11 15:48:00,active,복지관,무학
김병수,01080372573,요양보호사,07-03-1961,부산센터,2026-08-14 17:58:00,active,복지관,중학교졸업
유갑수,01037856125,요양보호사,01-06-1957,제주센터,2026-08-02 18:51:00,active,본인단독,고등학교졸업
이말순,01051624405,요양보호사,08-07-1942,부산센터,2026-08-08 19:50:00,active,복지관,초등학교졸업
정영숙,01078891346,위생사,09-11-1948,광주센터,2026-08-10 12:26:00,active,본인단독,대학교졸
홍금순,01022634591,요양보호사,20-01-1943,대전센터,2026-08-19 12:14:00,active,가족보조,고등학교졸업
허용기,01095218484,요양보호사,18-07-1953,대구센터,2026-08-09 18:26:00,active,복지관,중학교졸업
곽삼석,01022195712,위생사,07-09-1939,대구센터,2026-08-05 18:28:00,pending,가족보조,초등학교졸업
서태호,01029424333,요양보호사,09-07-1929,청주센터,2026-08-16 09:16:00,active,본인단독,대학원졸
윤두만,01051993002,요양보호사,18-06-1958,청주센터,2026-08-15 13:16:00,pending,본인단독,중학교졸업
손순자,01018124222,요양보호사,24-03-1955,제주센터,2026-08-19 22:21:00,active,본인단독,고등학교졸업
민두만,01060207480,요양보호사,10-07-1942,광주센터,2026-08-11 22:46:00,active,복지관,중학교졸업
주선옥,01093982741,요양보호사,08-10-1961,청주센터,2026-08-07 20:04:00,active,본인단독,대학원졸
김순자,01089998046,위생사,01-03-1945,서울센터,2026-08-19 18:59:00,active,복지관,고등학교졸업
차철수,01029932909,위생사,03-01-1954,수원센터,2026-08-05 09:21:00,active,가족보조,중학교졸업
허광수,01081294434,요양보호사,26-08-1928,서울센터,2026-08-19 09:25:00,active,본인단독,고등학교졸업
조영수,01025786262,요양보호사,06-11-1931,대전센터,2026-08-02 12:24:00,active,복지관,대학교졸
한영호,01051831512,위생사,13-08-1942,서울센터,2026-08-15 12:14:00,active,가족보조,고등학교졸업
유재호,01076411167,위생사,13-05-1947,대구센터,2026-08-03 14:17:00,active,본인단독,중학교졸업
문명자,01016177738,요양보호사,02-07-1931,부산센터,2026-08-11 21:09:00,active,가족보조,고등학교졸업
이영수,01060633568,위생사,11-10-1936,제주센터,2026-08-05 09:12:00,active,가족보조,전문대졸
차용기,01085626924,위생사,09-03-1933,대전센터,2026-08-13 11:18:00,active,복지관,대학원졸
신영자,01095773197,요양보호사,28-03-1963,대전센터,2026-08-01 10:00:00,active,복지관,대학원졸
최종수,01030473916,요양보호사,10-10-1936,제주센터,2026-08-05 20:56:00,active,가족보조,고등학교졸업
김철수,01058369298,요양보호사,16-02-1929,부산센터,2026-08-16 13:51:00,active,복지관,초등학교졸업
우금순,01012564862,요양보호사,03-07-1933,수원센터,2026-08-08 15:28:00,active,본인단독,고등학교졸업
고근호,01075708240,위생사,20-08-1948,대전센터,2026-08-09 09:07:00,active,복지관,고등학교졸업
민갑수,01055305625,위생사,03-03-1939,수원센터,2026-08-08 13:04:00,active,본인단독,고등학교졸업
곽필호,01097268441,요양보호사,09-11-1961,서울센터,2026-08-13 22:28:00,active,가족보조,초등학교졸업
차필호,01024875411,요양보호사,09-11-1949,대전센터,2026-08-18 20:02:00,active,복지관,중학교졸업
서복순,01068135523,요양보호사,19-07-1963,대구센터,2026-08-13 17:36:00,cancelled,본인단독,전문대졸
장기철,01019927830,위생사,09-07-1935,광주센터,2026-08-06 18:32:00,active,가족보조,초등학교졸업
하정자,01042437851,요양보호사,20-09-1965,전주센터,2026-08-17 22:01:00,active,가족보조,대학교졸
윤복남,01091962622,위생사,16-04-1944,광주센터,2026-08-03 16:07:00,active,가족보조,고등학교졸업
차명자,01048318240,요양보호사,27-12-1942,대전센터,2026-08-08 14:45:00,active,가족보조,고등학교졸업
윤원호,01055181897,요양보호사,06-09-1931,광주센터,2026-08-03 21:25:00,active,본인단독,고등학교졸업
문금순,01097873891,위생사,07-09-1964,청주센터,2026-08-15 16:52:00,active,복지관,대학교졸
이근호,01056199590,요양보호사,09-07-1950,전주센터,2026-08-12 12:51:00,active,본인단독,대학교졸
구만수,01025611324,요양보호사,28-11-1952,청주센터,2026-08-07 20:22:00,active,복지관,대학교졸
유명자,01058112744,위생사,03-09-1936,제주센터,2026-08-05 15:02:00,cancelled,본인단독,고등학교졸업
서태호,01090074820,위생사,10-12-1963,제주센터,2026-08-11 22:04:00,active,가족보조,전문대졸
우옥분,01043284673,요양보호사,12-01-1949,청주센터,2026-08-14 18:42:00,active,가족보조,초등학교졸업
주영호,01064628849,요양보호사,23-08-1940,전주센터,2026-08-05 22:10:00,active,가족보조,고등학교졸업
남명자,01036534726,요양보호사,16-10-1958,전주센터,2026-08-07 16:29:00,active,복지관,전문대졸
오동석,01022685243,요양보호사,21-07-1950,수원센터,2026-08-04 18:57:00,active,가족보조,대학교졸
손갑수,01051858639,위생사,10-02-1951,대전센터,2026-08-15 16:44:00,active,가족보조,고등학교졸업
유말자,01025455750,요양보호사,24-02-1935,서울센터,2026-08-09 15:03:00,active,복지관,전문대졸
황복남,01022495047,요양보호사,06-01-1966,전주센터,2026-08-02 16:42:00,active,복지관,전문대졸
이종수,01019344452,위생사,10-08-1939,서울센터,2026-08-18 15:04:00,active,가족보조,대학교졸
한동석,01080214638,요양보호사,02-05-1946,전주센터,2026-08-15 18:40:00,active,복지관,대학교졸
조경자,01056227124,위생사,14-05-1928,제주센터,2026-08-16 17:01:00,active,가족보조,중학교졸업
황성호,01078202401,위생사,14-11-1946,수원센터,2026-08-02 15:29:00,active,본인단독,대학교졸
류성호,01072924668,요양보호사,04-06-1953,대전센터,2026-08-06 18:26:00,active,복지관,전문대졸
정만수,01028554239,요양보호사,28-06-1937,제주센터,2026-08-15 16:44:00,active,가족보조,전문대졸
안말자,01020713454,요양보호사,14-12-1934,부산센터,2026-08-06 13:55:00,active,본인단독,초등학교졸업
박인순,01067875455,요양보호사,02-09-1930,수원센터,2026-08-12 16:47:00,active,가족보조,고등학교졸업
허귀순,01046574250,위생사,28-04-1931,제주센터,2026-08-18 11:50:00,cancelled,가족보조,전문대졸
전광수,01059713811,위생사,22-07-1954,수원센터,2026-08-10 19:44:00,active,복지관,전문대졸
황광수,01027594987,요양보호사,26-06-1958,청주센터,2026-08-02 12:52:00,active,복지관,고등학교졸업
강종수,01043422814,위생사,10-07-1928,서울센터,2026-08-12 17:43:00,active,본인단독,고등학교졸업
양필호,01087407159,위생사,20-10-1954,광주센터,2026-08-13 18:27:00,active,본인단독,대학교졸
백만수,01075719180,요양보호사,14-08-1937,청주센터,2026-08-19 10:47:00,active,본인단독,초등학교졸업
차재호,01041132143,요양보호사,19-05-1947,수원센터,2026-08-18 15:50:00,active,복지관,대학원졸
손정호,01065704027,위생사,01-11-1950,청주센터,2026-08-01 15:30:00,active,복지관,전문대졸
오계순,01024622945,요양보호사,08-02-1944,제주센터,2026-08-13 10:09:00,active,복지관,고등학교졸업
고순자,01032022764,요양보호사,08-10-1943,부산센터,2026-08-14 21:32:00,active,가족보조,초등학교졸업
우삼석,01079516629,요양보호사,11-07-1943,광주센터,2026-08-08 09:35:00,active,복지관,중학교졸업
송영숙,01084171577,요양보호사,20-10-1962,대구센터,2026-08-15 20:50:00,active,복지관,전문대졸
안말자,01094882487,요양보호사,22-11-1928,전주센터,2026-08-17 15:51:00,active,가족보조,대학교졸
류정순,01090281947,요양보호사,03-01-1945,청주센터,2026-08-17 21:29:00,active,복지관,초등학교졸업
류금순,01075828145,요양보호사,03-04-1929,수원센터,2026-08-16 21:29:00,active,본인단독,고등학교졸업
송성호,01079122385,요양보호사,04-09-1942,수원센터,2026-08-08 11:34:00,cancelled,본인단독,고등학교졸업
배갑순,01014317887,요양보호사,10-12-1932,제주센터,2026-08-03 18:41:00,active,가족보조,전문대졸
성옥희,01012723247,요양보호사,09-09-1957,서울센터,2026-08-06 20:51:00,active,가족보조,대학교졸
한복순,01070144280,위생사,21-08-1929,대전센터,2026-08-12 14:59:00,active,가족보조,대학교졸
권정순,01059174244,요양보호사,05-01-1965,제주센터,2026-08-15 12:29:00,active,본인단독,대학원졸
박운순,01012161753,요양보호사,26-05-1956,대전센터,2026-08-15 20:40:00,active,본인단독,무학
한갑순,01085167003,위생사,04-02-1931,제주센터,2026-08-01 14:06:00,active,가족보조,대학교졸
정영자,01043662597,위생사,25-08-1963,청주센터,2026-08-16 16:42:00,active,복지관,고등학교졸업
문필호,01019532003,요양보호사,16-08-1934,제주센터,2026-08-17 16:44:00,active,본인단독,고등학교졸업
양인순,01032135305,요양보호사,20-02-1930,부산센터,2026-08-15 14:10:00,active,본인단독,대학교졸
구동석,01011969433,위생사,04-01-1947,대구센터,2026-08-01 15:34:00,active,가족보조,전문대졸
류인순,01097982520,요양보호사,12-11-1941,제주센터,2026-08-06 13:57:00,active,본인단독,고등학교졸업
한계순,01061585732,요양보호사,20-03-1940,제주센터,2026-08-19 14:21:00,active,복지관,대학교졸
고경자,01089729527,요양보호사,17-08-1941,대구센터,2026-08-03 09:00:00,active,복지관,무학
성옥희,01057577143,요양보호사,08-12-1959,전주센터,2026-08-16 21:52:00,active,복지관,고등학교졸업
임정호,01096365954,요양보호사,09-02-1944,대구센터,2026-08-15 13:21:00,active,본인단독,전문대졸
장명자,01090528512,요양보호사,05-09-1956,부산센터,2026-08-18 13:18:00,active,복지관,초등학교졸업
서옥분,01086252363,위생사,20-12-1945,광주센터,2026-08-09 21:59:00,active,본인단독,고등학교졸업
유순옥,01099983326,요양보호사,28-12-1938,대구센터,2026-08-18 13:55:00,active,복지관,고등학교졸업
우철수,01039519301,요양보호사,10-12-1943,대구센터,2026-08-14 14:19:00,active,복지관,대학원졸
주상길,01080835249,위생사,08-09-1958,수원센터,2026-08-07 22:18:00,active,복지관,대학교졸
민계순,01091985130,요양보호사,10-11-1949,광주센터,2026-08-13 11:16:00,active,본인단독,고등학교졸업
오종수,01070957926,요양보호사,06-03-1928,청주센터,2026-08-05 09:37:00,active,본인단독,고등학교졸업
양복순,01044777241,위생사,15-12-1946,대전센터,2026-08-07 14:57:00,active,가족보조,전문대졸
정운순,01060198395,위생사,24-10-1955,대구센터,2026-08-14 11:26:00,active,가족보조,대학교졸
권동석,01054519712,요양보호사,08-09-1952,대구센터,2026-08-06 16:51:00,active,가족보조,고등학교졸업
허옥분,01098121717,요양보호사,11-07-1936,광주센터,2026-08-18 21:40:00,active,복지관,고등학교졸업
심근호,01071037151,위생사,26-12-1961,제주센터,2026-08-01 22:14:00,active,복지관,대학원졸
강춘희,01068218556,요양보호사,20-05-1956,전주센터,2026-08-06 11:22:00,active,본인단독,고등학교졸업
민영수,01039879137,요양보호사,27-12-1928,대구센터,2026-08-07 21:21:00,cancelled,가족보조,고등학교졸업
하상길,01021962180,요양보호사,28-12-1942,수원센터,2026-08-12 19:57:00,active,본인단독,고등학교졸업
황인순,01044634248,위생사,09-03-1963,제주센터,2026-08-10 20:53:00,active,본인단독,대학교졸
노점순,01098525022,요양보호사,14-07-1931,대구센터,2026-08-19 09:44:00,pending,가족보조,대학교졸
안갑수,01020896712,요양보호사,13-03-1947,전주센터,2026-08-11 21:31:00,active,본인단독,대학원졸
양필순,01042338671,요양보호사,23-02-1941,제주센터,2026-08-12 21:05:00,cancelled,본인단독,고등학교졸업
전운순,01011543877,위생사,21-04-1939,광주센터,2026-08-08 20:47:00,active,본인단독,초등학교졸업
강병수,01057906621,요양보호사,12-10-1934,전주센터,2026-08-13 12:32:00,active,복지관,고등학교졸업
박필호,01080508289,요양보호사,08-11-1936,청주센터,2026-08-06 21:46:00,active,가족보조,초등학교졸업
유만복,01098166072,요양보호사,23-05-1961,수원센터,2026-08-11 19:54:00,active,복지관,대학교졸
하두만,01043343329,요양보호사,03-06-1961,광주센터,2026-08-13 09:49:00,active,가족보조,중학교졸업
양순자,01072135296,위생사,19-05-1941,광주센터,2026-08-03 14:37:00,active,복지관,고등학교졸업
이점순,01062273590,위생사,26-02-1933,전주센터,2026-08-05 16:04:00,active,복지관,중학교졸업
홍금순,01060751312,요양보호사,09-08-1931,제주센터,2026-08-04 22:40:00,active,본인단독,전문대졸
안상길,01089073315,위생사,16-09-1951,대전센터,2026-08-08 11:57:00,active,복지관,고등학교졸업
황만복,01010852919,요양보호사,24-08-1935,전주센터,2026-08-05 20:22:00,active,복지관,고등학교졸업
남동석,01056099358,위생사,03-09-1946,청주센터,2026-08-19 22:50:00,pending,복지관,전문대졸
양정순,01020612262,요양보호사,27-02-1944,제주센터,2026-08-06 10:08:00,active,복지관,중학교졸업
조근호,01071362643,위생사,05-01-1942,서울센터,2026-08-09 12:10:00,pending,가족보조,전문대졸
정정호,01029339157,요양보호사,04-05-1962,청주센터,2026-08-13 21:47:00,active,가족보조,초등학교졸업
권운순,01068437606,위생사,26-05-1953,청주센터,2026-08-18 13:22:00,active,복지관,중학교졸업
남갑수,01041718220,위생사,03-04-1962,전주센터,2026-08-04 21:15:00,active,복지관,중학교졸업
전점순,01046744064,요양보호사,17-05-1943,서울센터,2026-08-16 22:58:00,active,복지관,초등학교졸업
하계순,01069157971,요양보호사,20-01-1944,부산센터,2026-08-13 09:48:00,active,본인단독,전문대졸
최영자,01085556304,요양보호사,26-11-1938,제주센터,2026-08-17 09:43:00,active,본인단독,고등학교졸업
주동호,01023814451,요양보호사,19-12-1932,청주센터,2026-08-08 20:01:00,active,본인단독,고등학교졸업
고옥희,01056999602,요양보호사,23-06-1964,전주센터,2026-08-10 16:16:00,active,가족보조,중학교졸업
양순옥,01012499577,위생사,18-05-1948,서울센터,2026-08-02 18:05:00,active,가족보조,대학교졸
성갑수,01059743998,요양보호사,14-12-1944,대구센터,2026-08-13 11:56:00,active,본인단독,전문대졸
강정순,01020551305,요양보호사,02-03-1958,광주센터,2026-08-08 17:05:00,active,가족보조,전문대졸
백정호,01091483100,요양보호사,14-01-1957,청주센터,2026-08-17 19:13:00,cancelled,복지관,전문대졸
임선옥,01053305705,요양보호사,11-06-1946,대전센터,2026-08-13 12:06:00,active,본인단독,대학교졸
오정순,01014357226,위생사,28-12-1930,제주센터,2026-08-03 21:58:00,cancelled,복지관,대학교졸
서춘자,01092545844,요양보호사,22-10-1954,전주센터,2026-08-10 20:43:00,cancelled,가족보조,고등학교졸업
손옥희,01060875411,요양보호사,27-06-1948,부산센터,2026-08-18 22:59:00,active,가족보조,대학교졸
황일남,01012625131,위생사,28-01-1957,부산센터,2026-08-06 09:31:00,active,가족보조,대학원졸
곽영수,01076092283,요양보호사,27-10-1963,대전센터,2026-08-07 21:52:00,active,복지관,전문대졸
하봉숙,01036896180,요양보호사,07-07-1934,수원센터,2026-08-19 16:46:00,active,본인단독,대학교졸
임춘희,01092237660,요양보호사,21-02-1936,서울센터,2026-08-11 14:57:00,cancelled,복지관,고등학교졸업
허일남,01039062343,요양보호사,05-02-1928,광주센터,2026-08-17 12:35:00,active,본인단독,중학교졸업
성일남,01076559329,요양보호사,25-05-1958,부산센터,2026-08-08 09:51:00,pending,본인단독,전문대졸
남원호,01046904927,요양보호사,23-02-1960,수원센터,2026-08-03 11:15:00,active,가족보조,무학
우재호,01040828137,요양보호사,05-11-1943,수원센터,2026-08-17 14:23:00,active,가족보조,고등학교졸업
우갑순,01026864558,요양보호사,17-07-1956,부산센터,2026-08-10 17:21:00,active,본인단독,중학교졸업
심옥분,01095741786,요양보호사,17-01-1944,대구센터,2026-08-02 11:11:00,active,본인단독,고등학교졸업
노갑순,01083625506,요양보호사,18-11-1938,부산센터,2026-08-10 19:38:00,active,본인단독,고등학교졸업
한정순,01097625292,요양보호사,25-09-1939,청주센터,2026-08-04 15:28:00,cancelled,본인단독,중학교졸업
류순자,01033693895,요양보호사,26-12-1931,광주센터,2026-08-05 16:09:00,active,가족보조,전문대졸
심태호,01027969298,요양보호사,12-02-1929,서울센터,2026-08-13 21:40:00,active,복지관,초등학교졸업
서태호,01086926039,위생사,22-08-1929,대구센터,2026-08-08 12:10:00,active,복지관,대학교졸
남정자,01061216410,요양보호사,09-11-1963,청주센터,2026-08-08 10:47:00,active,가족보조,고등학교졸업
양정자,01028102926,요양보호사,05-04-1966,제주센터,2026-08-06 21:06:00,active,복지관,초등학교졸업
황상원,01060777067,요양보호사,15-03-1955,대전센터,2026-08-15 13:00:00,active,복지관,고등학교졸업
박용기,01066553760,요양보호사,10-04-1938,부산센터,2026-08-03 09:08:00,active,복지관,대학원졸
문영숙,01027918261,요양보호사,12-06-1957,광주센터,2026-08-08 13:23:00,pending,가족보조,중학교졸업
황점순,01047381782,요양보호사,05-01-1932,청주센터,2026-08-16 12:51:00,active,가족보조,초등학교졸업
윤만수,01051154140,요양보호사,23-03-1935,대구센터,2026-08-08 09:29:00,cancelled,가족보조,중학교졸업
성귀순,01044258914,요양보호사,22-04-1962,청주센터,2026-08-09 21:13:00,active,복지관,대학교졸
최동호,01025175923,요양보호사,01-05-1955,제주센터,2026-08-08 18:34:00,active,가족보조,고등학교졸업
홍만수,01082872935,요양보호사,20-12-1960,제주센터,2026-08-10 13:19:00,active,복지관,중학교졸업
안철수,01072515859,요양보호사,02-10-1933,서울센터,2026-08-14 16:07:00,active,복지관,고등학교졸업
남기철,01065833453,요양보호사,12-04-1955,서울센터,2026-08-05 14:37:00,cancelled,복지관,고등학교졸업
심순자,01065249414,요양보호사,06-06-1930,전주센터,2026-08-04 09:34:00,active,본인단독,고등학교졸업
김순자,01037827350,요양보호사,19-11-1929,전주센터,2026-08-14 16:18:00,active,본인단독,고등학교졸업
서경자,01097092521,요양보호사,26-02-1929,전주센터,2026-08-16 09:14:00,cancelled,가족보조,고등학교졸업
차철수,01039635814,요양보호사,08-07-1946,서울센터,2026-08-06 16:11:00,active,복지관,대학원졸
전재호,01040328664,요양보호사,18-04-1928,광주센터,2026-08-12 14:43:00,active,복지관,무학
우춘희,01059262508,위생사,26-08-1948,대전센터,2026-08-04 10:45:00,active,본인단독,고등학교졸업
김만수,01093304617,요양보호사,05-09-1932,대구센터,2026-08-05 13:40:00,active,복지관,중학교졸업
심갑수,01036747565,요양보호사,04-04-1964,부산센터,2026-08-11 20:09:00,active,복지관,고등학교졸업
민계순,01013113949,위생사,08-02-1937,대전센터,2026-08-02 13:33:00,active,가족보조,초등학교졸업
오기철,01026685200,위생사,04-03-1964,청주센터,2026-08-01 14:36:00,active,가족보조,무학
정정호,01071498733,위생사,16-04-1932,광주센터,2026-08-14 16:46:00,active,복지관,고등학교졸업
하운순,01076469896,요양보호사,03-11-1951,대구센터,2026-08-05 19:47:00,pending,복지관,고등학교졸업
손태호,01013432631,위생사,03-08-1966,청주센터,2026-08-07 22:17:00,cancelled,복지관,대학교졸
곽광수,01045625994,요양보호사,07-12-1942,대구센터,2026-08-10 13:28:00,active,본인단독,대학원졸
강상길,01038582418,요양보호사,06-01-1964,전주센터,2026-08-09 20:23:00,active,복지관,전문대졸
류갑수,01045564146,요양보호사,14-01-1957,수원센터,2026-08-19 14:36:00,active,복지관,고등학교졸업
홍영자,01027808926,요양보호사,25-07-1938,부산센터,2026-08-18 21:06:00,active,가족보조,고등학교졸업
유금순,01048764329,요양보호사,02-06-1961,대전센터,2026-08-03 15:23:00,active,가족보조,대학교졸
백삼석,01067172704,요양보호사,11-06-1928,수원센터,2026-08-04 17:00:00,active,가족보조,고등학교졸업
심미자,01082589882,요양보호사,24-11-1961,제주센터,2026-08-01 20:32:00,active,본인단독,대학교졸
홍근호,01046891656,위생사,13-03-1963,청주센터,2026-08-19 13:18:00,active,가족보조,중학교졸업
배인순,01089358611,요양보호사,20-08-1931,대구센터,2026-08-14 10:01:00,active,본인단독,고등학교졸업
차태호,01099546538,요양보호사,14-11-1930,서울센터,2026-08-11 16:23:00,active,복지관,대학교졸
안만복,01070739636,요양보호사,21-11-1947,부산센터,2026-08-17 12:03:00,active,본인단독,중학교졸업
서철수,01031259202,요양보호사,26-06-1951,제주센터,2026-08-13 16:03:00,active,복지관,대학교졸
성옥분,01023813583,요양보호사,14-11-1944,대전센터,2026-08-03 16:18:00,active,본인단독,고등학교졸업
고말자,01035338013,위생사,03-10-1937,부산센터,2026-08-19 09:23:00,active,가족보조,초등학교졸업
민영자,01011721040,요양보호사,04-10-1940,제주센터,2026-08-12 21:29:00,active,가족보조,고등학교졸업
문계순,01094833264,요양보호사,19-06-1963,전주센터,2026-08-17 19:02:00,active,복지관,전문대졸
최상길,01060519971,요양보호사,27-05-1965,부산센터,2026-08-02 16:23:00,active,가족보조,대학교졸
류순자,01010111287,요양보호사,23-02-1937,전주센터,2026-08-12 11:42:00,active,복지관,중학교졸업
고선옥,01067905914,요양보호사,07-06-1966,대전센터,2026-08-14 13:32:00,active,가족보조,고등학교졸업
주필순,01094599660,요양보호사,22-10-1933,수원센터,2026-08-14 15:01:00,active,복지관,무학
김춘자,01031631491,요양보호사,07-10-1948,대전센터,2026-08-16 20:15:00,active,본인단독,고등학교졸업
민태호,01035531058,요양보호사,25-03-1947,전주센터,2026-08-12 10:03:00,active,가족보조,중학교졸업
서금순,01059249055,요양보호사,27-12-1954,부산센터,2026-08-02 18:32:00,active,가족보조,중학교졸업
주재호,01023421516,요양보호사,07-10-1928,수원센터,2026-08-11 21:50:00,active,본인단독,고등학교졸업
노동석,01071896298,요양보호사,20-07-1948,청주센터,2026-08-08 17:10:00,active,본인단독,대학원졸
심상길,01039312023,요양보호사,10-04-1936,대구센터,2026-08-03 11:47:00,active,가족보조,초등학교졸업
백필호,01090277480,요양보호사,04-03-1948,대전센터,2026-08-08 14:48:00,active,복지관,대학교졸
김동석,01043113996,위생사,19-05-1959,서울센터,2026-08-16 13:52:00,active,복지관,대학원졸
성만복,01038958462,요양보호사,17-09-1961,대전센터,2026-08-03 19:25:00,active,가족보조,고등학교졸업
문필순,01095048062,위생사,26-02-1934,서울센터,2026-08-04 19:58:00,active,본인단독,초등학교졸업
이순자,01049782557,위생사,28-07-1932,대전센터,2026-08-14 09:06:00,active,복지관,중학교졸업
구만수,01030511948,위생사,26-11-1934,대전센터,2026-08-16 14:46:00,active,가족보조,중학교졸업
윤춘자,01090908299,위생사,15-05-1956,청주센터,2026-08-17 19:54:00,active,가족보조,초등학교졸업
장춘자,01022696182,요양보호사,10-06-1937,전주센터,2026-08-05 17:17:00,active,복지관,중학교졸업
강계순,01016682008,위생사,07-02-1947,청주센터,2026-08-03 22:17:00,pending,본인단독,대학교졸
성철수,01068367764,위생사,14-02-1962,전주센터,2026-08-14 16:48:00,active,가족보조,고등학교졸업
한귀순,01035769668,위생사,21-09-1935,부산센터,2026-08-19 14:42:00,active,가족보조,고등학교졸업
노성호,01036302071,요양보호사,20-02-1934,수원센터,2026-08-12 11:43:00,active,복지관,고등학교졸업
강영호,01014566577,요양보호사,17-08-1941,청주센터,2026-08-06 17:26:00,active,복지관,고등학교졸업
오봉숙,01060095648,요양보호사,23-06-1929,청주센터,2026-08-03 16:12:00,active,복지관,중학교졸업
임필순,01028524148,위생사,17-05-1955,대구센터,2026-08-12 14:04:00,active,복지관,대학교졸
최용기,01052378907,위생사,05-09-1949,대전센터,2026-08-07 17:54:00,active,복지관,중학교졸업
곽상길,01071269048,요양보호사,02-06-1929,대전센터,2026-08-03 22:39:00,active,복지관,중학교졸업
성영숙,01098977357,위생사,03-07-1948,청주센터,2026-08-05 12:30:00,active,복지관,고등학교졸업
구영숙,01078174277,요양보호사,01-12-1947,제주센터,2026-08-04 14:41:00,cancelled,본인단독,대학교졸
구춘희,01083152497,요양보호사,23-09-1942,서울센터,2026-08-08 14:39:00,active,복지관,중학교졸업
서영호,01061865445,요양보호사,15-07-1959,서울센터,2026-08-15 15:07:00,active,본인단독,무학
김상길,01060302288,위생사,20-05-1963,수원센터,2026-08-14 18:48:00,active,본인단독,중학교졸업
남점순,01057821976,요양보호사,14-10-1950,제주센터,2026-08-07 16:19:00,active,가족보조,중학교졸업
조선옥,01077777209,요양보호사,12-03-1950,서울센터,2026-08-10 10:01:00,active,복지관,무학
조선옥,01059727199,요양보호사,04-07-1946,광주센터,2026-08-09 11:42:00,active,본인단독,고등학교졸업
남태호,01058898730,요양보호사,20-05-1945,서울센터,2026-08-05 21:51:00,cancelled,본인단독,고등학교졸업
배인순,01097234206,요양보호사,25-05-1930,부산센터,2026-08-05 22:16:00,active,가족보조,고등학교졸업
